REGION,DIVISION,STATEFP,STATENS,GEOID,GEOIDFQ,STUSPS,NAME,LSAD,MTFCC,FUNCSTAT,ALAND,AWATER,INTPTLAT,INTPTLON,RegionID,SizeRank,RegionType,31/01/2014,28/02/2014,31/03/2014,30/04/2014,31/05/2014,30/06/2014,31/07/2014,31/08/2014,30/09/2014,31/10/2014,30/11/2014,31/12/2014,31/01/2015,28/02/2015,31/03/2015,30/04/2015,31/05/2015,30/06/2015,31/07/2015,31/08/2015,30/09/2015,31/10/2015,30/11/2015,31/12/2015,31/01/2016,29/02/2016,31/03/2016,30/04/2016,31/05/2016,30/06/2016,31/07/2016,31/08/2016,30/09/2016,31/10/2016,30/11/2016,31/12/2016,31/01/2017,28/02/2017,31/03/2017,30/04/2017,31/05/2017,30/06/2017,31/07/2017,31/08/2017,30/09/2017,31/10/2017,30/11/2017,31/12/2017,31/01/2018,28/02/2018,31/03/2018,30/04/2018,31/05/2018,30/06/2018,31/07/2018,31/08/2018,30/09/2018,31/10/2018,30/11/2018,31/12/2018,31/01/2019,28/02/2019,31/03/2019,30/04/2019,31/05/2019,30/06/2019,31/07/2019,31/08/2019,30/09/2019,31/10/2019,30/11/2019,31/12/2019,31/01/2020,29/02/2020,31/03/2020,30/04/2020,31/05/2020,30/06/2020,31/07/2020,31/08/2020,30/09/2020,31/10/2020,30/11/2020,31/12/2020,31/01/2021,28/02/2021,31/03/2021,30/04/2021,31/05/2021,30/06/2021,31/07/2021,31/08/2021,30/09/2021,31/10/2021,30/11/2021,31/12/2021,31/01/2022,28/02/2022,31/03/2022,30/04/2022,31/05/2022,30/06/2022,31/07/2022,31/08/2022,30/09/2022,31/10/2022,30/11/2022,31/12/2022,31/01/2023,28/02/2023,31/03/2023,30/04/2023,31/05/2023,30/06/2023,31/07/2023,31/08/2023,30/09/2023,31/10/2023,30/11/2023,31/12/2023,31/01/2024,29/02/2024,31/03/2024,30/04/2024,31/05/2024,30/06/2024,31/07/2024,31/08/2024,30/09/2024,31/10/2024,30/11/2024,31/12/2024
3,5,54,1779805,54,0400000US54,WV,West Virginia,0,G4000,A,62266499712,489003081,38.6472854,-80.6183274,61,39,state,98259.45409,97859.60486,97167.2711,96601.30781,96008.76735,95938.89381,96505.9123,97466.47007,98393.73567,98975.01126,99668.51013,100357.1502,101122.8517,101588.0276,102029.9427,102473.7325,102987.5205,103452.4414,103849.0558,104234.8524,104786.4946,105569.8763,106183.4307,106453.1038,106667.8348,106899.6322,106941.2346,106757.3862,106540.3922,106446.2893,106257.1163,106098.7354,106171.0473,106289.1035,106402.4781,106418.0177,106412.6259,106554.3258,106760.5143,107228.2882,107590.7148,107671.3199,107448.6002,107216.1874,107381.0682,107756.9169,108251.339,108474.7488,108731.1591,108999.526,109786.0054,110688.4588,111494.2306,111730.2957,111635.5756,111452.1883,111642.931,111788.6429,112159.0159,112415.0171,112664.1606,112938.4485,113235.524,113505.5403,113588.2599,113676.8884,113860.2655,113894.7968,113760.23,113766.2582,113910.4453,114142.2198,114201.0355,114660.4657,115460.9081,116498.8113,117216.5898,117511.526,117768.8242,118467.123,119849.4289,121699.6177,123898.717,126010.3887,128071.8746,130019.8782,132023.6077,133694.0823,135127.2628,136609.4884,137324.8462,137200.9734,136092.8817,135757.9294,136274.3803,137241.3881,139152.8781,141285.3661,143680.6695,145484.7477,146861.6838,148193.5404,148800.7543,148871.5281,148374.562,148179.2761,147994.2387,148212.0333,147950.3429,147660.9135,147526.665,148013.9749,149268.1938,150591.9295,151678.9752,152307.7497,152409.0088,152360.8943,152470.4868,152701.4452,152899.94,153398.6258,154616.9047,156219.2841,157737.0156,158819.4845,159728.422,160283.946,160583.1582,160953.2086,161402.7698,162418.0571
3,5,12,294478,12,0400000US12,FL,Florida,0,G4000,A,1.39E+11,45970528648,28.3989775,-82.5143005,14,2,state,156341.7635,157983.5775,159523.3105,160894.475,162246.9076,163367.6694,164522.3263,165504.8849,166526.1694,167383.2535,168454.3374,169724.4139,171111.0715,172326.3631,173399.4025,174477.1,175697.7971,176949.423,178376.5083,179887.3195,181530.7993,183248.1567,184904.0743,186441.4924,187858.6275,189201.9339,190436.7365,191744.6851,193039.0134,194422.6636,195637.2299,196895.6706,198309.3032,199881.8727,201321.3471,202515.1511,203561.1836,204731.9099,206098.6441,207550.7207,208822.4919,210134.0687,211380.1827,212787.0708,214149.733,215611.0046,217114.7895,218689.1717,220089.4714,221319.2931,222556.3987,223782.4217,225053.9567,226125.0658,227513.5741,228869.9937,230247.3921,231380.9162,232584.5918,233885.4437,235059.3786,236112.7714,236825.088,237339.4248,237615.8669,238016.3745,238534.2366,239240.4923,239942.5963,240873.0095,242145.5991,243713.9604,245614.0933,247404.268,248977.0773,249933.7517,250197.5863,250329.8814,250894.9589,252452.6173,254950.8733,257907.1043,261378.0292,264827.8295,268398.3158,271955.5212,275756.6862,279983.7842,285099.2457,291361.8761,297775.1088,303480.5885,308103.6431,312655.4464,317747.4232,323251.5614,330161.1619,338197.8939,347683.8167,357659.1466,367219.4162,375717.3179,381483.2403,384401.7329,384774.9172,384298.0652,383599.8712,382763.9473,381432.3358,380304.7619,379846.1485,380286.1535,381327.2571,382982.9872,384666.8239,386335.4885,387495.9484,388547.4093,389469.3145,390292.0926,390989.9524,391709.612,392564.2361,393236.9573,393360.1189,392582.7109,391537.7288,390532.7712,389685.9446,388747.4588,387558.8379,386475.5697
2,3,17,1779784,17,0400000US17,IL,Illinois,0,G4000,A,1.44E+11,6216688589,40.1028754,-89.1526108,21,5,state,150724.0056,151620.4046,152400.4797,153197.2633,154019.7534,154898.5827,155872.2132,156676.1094,157264.5095,157616.4558,157949.6093,158310.6898,158537.4218,158557.3775,158788.2269,159177.2687,159916.9426,160523.7072,161172.6052,161751.8532,162424.211,163359.7055,164250.418,165114.7052,165945.1907,166840.7336,167458.6181,168028.2283,168584.6114,169266.2541,169573.9985,169772.5964,169941.642,170465.9292,171124.9224,172057.1233,173006.4066,174045.2998,175155.6787,176036.3481,176680.9354,176875.6429,177022.76,177212.1286,177816.0854,178646.364,179677.2253,180706.0365,181801.3271,182754.1643,183889.6315,184737.3742,185395.8602,185353.7019,185409.5097,185340.5876,185481.9662,185459.2082,185614.2226,185993.8549,186794.2902,187967.1593,189070.2446,189899.959,190270.0842,190459.9611,190356.848,190255.7125,189995.807,190065.6944,190386.8219,191079.1193,192054.4938,193190.8421,194302.1637,195103.6325,195207.4566,194908.9581,194630.4372,195120.073,196677.6285,198786.9073,201279.831,203615.4714,205929.2162,208454.8026,211030.2742,213456.8852,215638.7489,217912.8046,219848.2241,220975.8011,221124.9631,221282.8235,221968.2553,223366.7693,225823.323,229221.7382,233308.8917,237130.8156,239700.9659,241446.4834,241804.3863,241335.6731,240062.9789,239210.8068,238734.0791,238475.0039,237963.4075,237740.9459,238131.623,239467.6287,241312.8425,243424.5174,245399.0529,247340.9639,248826.1939,250020.9833,250866.4625,251496.9032,251957.4819,252983.8017,254844.7205,257247.0311,258999.2237,260104.1995,260737.426,261539.4401,262304.0175,263161.7218,264083.5973,265195.8385
2,4,27,662849,27,0400000US27,MN,Minnesota,0,G4000,A,2.06E+11,18937471947,46.3159573,-94.1996043,31,21,state,177484.2928,178583.6139,179700.1541,180717.8851,181645.6675,182221.7862,182674.0041,182995.411,183334.4583,183555.2293,183871.4876,184300.5686,185045.9715,185979.9352,187061.3969,188200.6934,189305.3459,190222.4315,191021.628,191814.7204,192731.57,193748.3126,194788.8295,196023.4514,197476.2031,198948.0478,200190.2597,201355.7458,202268.0335,203137.0708,203677.2176,204262.9495,205029.0958,206040.9086,207270.4577,208625.9542,210104.2599,211692.9499,213286.7076,215030.9025,216613.8989,217943.7037,218819.3121,219412.2382,219923.0182,220588.8902,221630.2771,223042.9175,224533.5518,226105.9849,227947.2233,229811.3292,231466.0405,232443.5597,233531.7339,234454.0555,235364.9343,235815.1047,236308.6466,237019.9442,238162.5555,239764.1725,241564.4784,243105.8242,244068.8292,244757.376,245241.6563,245708.5083,245973.2026,246506.2331,247458.599,248753.6926,250302.6631,252025.8731,253910.5393,255594.2609,256466.1592,256674.8077,256697.0745,257487.4999,259543.4916,262544.7751,266051.0362,269511.4278,272691.1129,275922.4142,279144.4331,282732.0495,286780.7788,291197.9855,295049.418,297182.6882,297704.4348,297767.0508,298554.5668,299962.9179,302621.7392,306080.7855,310411.4326,314800.345,318589.7042,321422.3662,321969.6928,320694.6272,318331.5583,316708.5571,315696.0519,314851.4294,313943.7956,313458.9956,313713.2214,314651.8394,315992.9678,317544.7314,318851.9606,319919.4878,320667.4122,320807.9086,320721.36,320332.9965,320079.8583,320300.7483,321440.9548,322851.2221,323628.539,323460.4287,323117.9065,323292.0473,323911.7086,325062.1247,326214.2361,327882.9256
3,5,24,1714934,24,0400000US24,MD,Maryland,0,G4000,A,25151736098,6979330958,38.9466584,-76.6744939,27,17,state,259147.3864,260474.5289,261776.7112,263191.7421,264417.2683,265123.9173,265357.4348,265506.6246,266038.3312,266621.5626,267316.1358,267637.2,267713.1642,267814.2498,268297.5437,269131.7534,269941.4474,270499.8609,271100.481,271677.1623,272430.2763,273261.2078,274236.3943,275337.9439,276496.4049,277302.1551,277431.8673,277388.265,277573.285,278256.1322,278875.1797,279132.0041,279461.1685,280122.636,281358.2276,282765.6159,284125.9523,285390.3183,286403.334,287510.106,288341.4075,288864.9545,289065.959,289386.2489,290243.2194,291330.2517,292470.7254,293602.6288,294627.6274,295486.2564,296473.301,297296.662,298236.9798,298724.0141,299561.2918,300302.8214,301199.7132,301784.6616,302332.9096,302840.5014,303512.7469,304656.9316,306256.2778,307950.8245,309111.0551,309876.0372,310424.1848,311016.0106,311464.1078,311960.966,312817.1406,314000.1269,315500.7879,317184.7808,318948.3275,320518.6163,321198.9124,321320.6766,321718.6322,323237.879,326224.2068,330009.0539,334314.9891,338474.0129,342326.1011,346523.5096,351151.7484,356168.578,361058.2105,365383.4697,368404.4348,369827.9493,369929.1009,370293.6222,371378.7008,373344.1922,376247.6843,379839.3496,384290.1878,388741.6631,392890.9612,395858.5182,396528.8479,395048.5292,392448.0738,390774.2217,389895.0571,389753.1202,390117.007,390985.0015,392315.5904,394042.7857,396389.9477,399007.6445,401029.4976,402532.7133,403312.8529,403794.3619,403803.4534,403820.4237,403891.6194,404912.0169,407209.1272,410153.8892,412387.4187,413036.8353,412791.4587,412591.2111,413286.0387,414666.5644,416151.669,417515.3532
1,1,44,1219835,44,0400000US44,RI,Rhode Island,0,G4000,A,2677763372,1323686976,41.596485,-71.5264901,50,43,state,214347.8233,214716.3195,215447.849,216645.0761,217930.5759,218733.8453,219042.9566,219063.5745,219316.4924,219529.4367,220009.7851,220392.9576,220748.0242,221292.4574,222024.2065,222898.4992,223541.2802,224082.215,224931.1755,226016.2874,227332.9019,228659.4925,230137.6837,231639.5462,233157.5278,234351.3551,235201.7146,236011.963,237123.243,238513.6385,239791.3344,240814.5969,241989.6416,243139.5056,244675.0554,246254.7217,247952.8465,249518.2849,251111.1528,253035.7493,254994.5735,256789.4197,258173.317,259228.312,260363.82,261572.3053,263216.6717,264932.6654,266556.0045,267800.5722,269392.8499,271207.5596,273153.0642,274593.6308,276142.5028,277636.7887,278956.349,279564.639,279791.8579,279923.4973,280120.5139,280695.2045,281503.108,282638.2223,283455.8915,284197.5855,284725.5587,285252.1494,285835.7503,286672.8857,288164.3879,289792.677,292085.4986,294444.4139,297071.0547,299296.1442,300282.6921,300378.9201,300476.782,302008.2496,305261.7405,309782.0931,315171.211,320863.2415,326178.5587,331727.8068,337495.4684,343841.6633,350253.5558,356270.5965,360579.1247,362671.1496,362995.5349,363075.1435,363945.3467,365618.0464,369470.3322,375327.0937,383003.1272,390535.6502,397201.4578,402628.3305,405327.3753,404975.1585,402776.0142,401363.416,401137.1253,401326.2077,400826.0451,400847.0962,402081.3138,405310.8647,409465.7089,413918.9883,418140.8853,421860.5027,424850.3767,427359.6981,429294.7359,431280.0602,432539.3989,434055.0883,436656.7503,440494.3309,444576.615,447577.7843,450272.8416,452978.9717,455731.4122,458140.0401,460051.9858,461984.0989
4,8,16,1779783,16,0400000US16,ID,Idaho,0,G4000,A,2.14E+11,2391614331,44.3484222,-114.5588538,20,38,state,168797.7802,169453.1317,170221.2523,171035.0537,172030.51,172793.1319,173663.9376,174338.2553,175018.9325,175414.0223,175644.6702,175890.0589,176387.8568,177221.8201,178331.6996,179521.4417,180871.8766,182126.8095,183350.8213,184523.6205,185770.4086,186963.5695,187874.3807,188794.9585,190152.049,191720.9978,193223.3741,194566.0516,196044.414,197577.1288,198843.3757,199930.893,201093.0176,202411.1543,203904.8898,205458.182,207013.2027,208714.3861,210404.794,212217.8404,213725.7546,215266.6023,216673.9963,218024.1003,219463.1801,221080.8065,222914.6951,224770.4241,226715.802,228821.8678,231393.5588,234048.0503,236800.5452,239276.8672,242045.5555,244855.2865,247696.4813,250188.6297,252598.2613,254906.1202,257109.7599,259229.3911,261448.8582,263678.8896,265816.5171,267919.3052,270030.0123,272249.4674,274323.2923,276755.0769,279501.8521,282596.8672,285767.7476,289094.2859,292739.6539,296368.1805,299271.7964,301379.9235,303575.4423,306922.6316,312262.3408,319222.5182,327810.646,337424.8077,347781.0989,359292.0116,372170.8467,386024.6292,400406.5181,413408.7361,423933.611,430786.2525,434991.8294,438278.8873,441615.1482,445386.3193,450026.6392,456011.1882,463362.5593,471278.3881,477698.3957,481670.3687,480961.2943,476269.3502,468851.636,461843.9504,455229.4913,449098.7247,443280.0222,438662.3472,435319.0905,433628.6281,433240.5697,434069.0228,435177.1278,436808.2409,438127.9143,439530.8761,439968.6694,439915.2866,439397.2499,439962.1178,441654.7071,443675.8991,444957.5665,445275.0857,445491.3632,446128.5664,447155.857,448160.3741,449069.762,450305.8148
1,1,33,1779794,33,0400000US33,NH,New Hampshire,0,G4000,A,23190126365,1025956733,43.6727945,-71.5841886,39,41,state,209197.1108,209716.1898,210288.9022,210830.7815,211680.1544,212427.3817,213122.241,213542.3172,213866.9477,214078.3576,214430.53,214962.1577,215564.3795,216341.8103,217131.1098,218201.3635,219269.5086,220326.6087,221397.7078,222649.1407,223977.4773,225334.5233,226432.9369,227418.2971,228212.4495,228698.3469,228881.6391,229249.3438,230151.5623,231389.1832,232286.8236,232790.3365,233234.6369,233975.9588,235138.0457,236674.7368,238253.9414,239768.4074,241194.1578,242882.4885,244572.7544,246165.7852,247534.8716,248733.017,249730.7428,250831.1912,252062.5371,253505.9361,254917.0654,256206.3538,257880.5284,259580.462,261519.7215,263116.9727,264787.5779,266110.4512,267072.2521,267540.5398,267900.5261,268312.9647,268634.5642,269207.1214,270153.9232,271380.1012,272638.9099,273947.7959,275485.7067,276894.5619,277964.4841,278984.5989,280279.1511,281677.9687,283280.9094,284939.7512,287012.1351,288999.1064,290601.4752,291800.1263,293177.3638,295745.5837,300067.8342,305539.2161,311573.1016,317508.2738,323179.0841,329118.3371,335252.1251,342151.0876,349385.649,356519.0869,361909.2215,364055.1506,363479.8714,362332.7403,362690.5845,364615.2291,369777.4225,377674.966,388016.8453,398258.3665,406817.9536,413120.454,415942.427,416044.2498,414667.1942,413927.761,414227.0824,414851.7143,414859.0332,415323.3959,416642.5456,419538.0458,423047.5046,427165.7994,431366.6268,435913.827,440282.9458,443844.6,445929.2846,447113.6716,447851.398,449612.381,452865.8639,457198.942,460864.0337,463135.6681,464531.5988,466443.8087,468724.565,471205.4709,472927.2137,474548.4875
3,5,37,1027616,37,0400000US37,NC,North Carolina,0,G4000,A,1.26E+11,13453540851,35.53971,-79.1308636,36,8,state,151368.5399,151852.6378,152372.8483,152915.7804,153485.4636,153967.3041,154372.1806,154584.3928,154744.4787,154741.5277,154882.9666,155170.0025,155662.3529,156211.3081,156744.2089,157308.7852,157932.1692,158557.1623,159219.9765,159908.6218,160654.0481,161459.477,162157.3275,162954.9656,163861.6229,164782.2273,165345.9636,165803.9298,166216.2339,166833.4132,167341.0552,168015.4512,168849.8246,169899.3482,170927.9054,171902.2841,172756.845,173515.4533,174239.175,175128.4362,175997.2914,176898.5096,177745.5049,178671.738,179595.4498,180580.7785,181712.1212,182908.3782,184060.9465,185105.4458,186247.716,187254.8587,188198.5658,188948.7148,189886.5761,190854.8092,191895.4796,192763.6003,193743.9335,194781.1641,195923.0996,196992.793,198093.841,199090.687,199956.7705,200677.4299,201398.5973,202196.0207,202959.7008,203976.4454,205264.6137,206683.1878,208007.0846,209300.404,210745.0699,212135.7781,213055.0626,213731.6232,214744.9594,216676.6708,219584.821,223027.528,226727.0284,230392.923,233875.0263,237463.1976,241130.1225,245111.9962,249590.7174,254640.5364,259332.9901,262795.8484,265068.9314,267223.1757,270013.3123,273145.3469,277654.4368,283154.5636,289777.1086,296515.7805,302794.3052,308379.986,311887.9632,313316.6352,312972.8927,312377.7044,311683.0656,310786.4049,309409.3694,308414.1775,308378.9135,309403.1806,311004.271,312901.6947,314684.3194,316436.6872,317875.0694,319001.1403,319964.369,320453.9061,320736.4237,321144.154,322474.3031,324233.5224,325870.1181,326536.599,326682.6643,326483.5697,326371.6174,326388.7136,326362.9361,326780.6365
1,1,50,1779802,50,0400000US50,VT,Vermont,0,G4000,A,23872589127,1030648383,44.0589536,-72.6710173,58,50,state,220155.0917,220355.2381,220751.476,221023.529,221762.9474,222429.6821,223382.8316,223953.2076,224553.8026,224653.4129,224543.965,224306.0196,224335.8073,224819.4596,225435.6869,226220.8766,227082.9602,227912.7334,228664.9017,229202.9896,229738.3189,230241.1038,230282.545,230277.849,230164.6241,230037.4392,229384.4612,228999.5706,229261.179,230258.2574,231062.3518,231592.2856,231918.3363,232360.9006,233144.4539,234303.3933,235676.2993,236730.6793,237752.0971,238941.643,240167.9741,241228.945,242111.9889,242984.7162,243812.0099,244682.6684,245707.9015,246665.1155,247543.629,248378.0759,249503.4053,250426.7009,251036.3838,251134.7501,251891.0802,253042.722,254389.3215,254930.494,255166.5253,255331.8969,255590.1318,255916.3647,256370.457,256850.942,257123.6532,257347.9274,257900.6575,258666.7734,259434.5743,260385.1577,261741.4754,263412.9549,264884.7488,266028.0755,266989.018,267984.6292,268845.8675,269451.8513,270359.1552,272421.27,276215.7808,280245.2203,284020.6376,287696.7339,291591.8522,295929.273,299658.9035,303391.6238,308335.0188,314736.7777,322101.5664,326803.3564,328981.1754,329239.9289,330568.2786,332746.901,336832.817,341686.8047,347384.454,353426.7913,359012.2147,363985.1495,366454.5698,366501.5864,365026.0742,363846.5908,363485.8549,363316.3529,364508.1523,365558.6044,367756.0067,369990.9293,373313.9325,376056.3206,377892.6901,380444.2455,383158.0968,385058.7181,385700.2316,385081.7971,384346.5302,383860.5357,385027.0335,387531.7321,389748.2911,391155.4169,390815.0377,390397.8009,389596.7562,389191.6436,387798.2177,386507.5206
1,1,9,1779780,9,0400000US09,CT,Connecticut,0,G4000,A,12541750274,1816364426,41.5798637,-72.7466572,11,28,state,230909.4511,231156.1431,231526.7348,232034.9525,232766.3014,233186.1131,233364.418,233145.2425,232796.3814,232174.7366,231936.1926,231851.8017,232004.0379,231973.2461,232270.7812,232688.1554,233193.7811,233396.2869,233713.36,234036.5651,234461.664,234874.9254,235277.9319,235460.8268,235726.3768,235731.8091,235832.9116,235759.4835,236042.4708,236342.32,236458.0423,236466.7839,236467.2621,236859.8169,237376.0987,238219.7191,238739.138,239108.724,239454.2719,240247.1139,241210.3351,242052.6401,242747.6592,243163.2051,243556.1081,243972.5534,244772.9564,245625.1406,246346.5984,246700.5682,247113.6793,247252.3125,247437.9047,247359.5461,247560.2746,247827.6761,248258.0263,248524.9227,248715.1404,248815.7784,248958.5668,249306.8415,249830.5821,250381.0244,250654.6872,250803.2407,250986.4856,251253.4452,251325.9951,251553.8219,252069.1729,252904.4068,254031.9795,255240.2341,256916.428,258535.2425,259442.4941,259596.9085,259650.5076,260850.7677,263559.2332,267545.2042,272374.2208,277400.2705,282147.6571,286727.745,291188.7087,295596.4666,300187.8982,304792.3467,308187.3918,309592.9797,309041.466,308460.416,308680.9518,310214.727,313808.5145,318945.5384,325110.6314,330905.9025,336234.1309,340773.3415,343644.3403,344309.7767,343555.8147,342936.8976,343241.5539,343863.5034,344137.933,344923.6257,346605.8086,349662.562,353077.7707,357018.0264,361536.6928,366487.504,371021.1217,374468.3406,377030.7533,379156.3685,380999.0375,383285.4391,386536.6818,390151.0752,393198.6219,395065.8042,396549.1457,398046.6293,399769.6939,401245.4001,402242.9652,403149.694
3,5,10,1779781,10,0400000US10,DE,Delaware,0,G4000,A,5046703781,1399207462,38.9985661,-75.441644,13,45,state,216988.013,217357.1605,217782.7163,217672.475,218046.1745,218316.6981,219079.2539,219727.968,220728.998,221454.1017,222335.3107,222931.924,223899.8188,225006.3163,226173.2874,227082.3249,227631.4768,228290.4825,229207.8538,230411.0817,231560.5647,232427.8214,232931.475,233466.6141,234457.9946,235555.857,236325.5888,237170.4556,238040.0764,239280.4,240158.9447,241057.5266,241665.4391,242575.3593,243378.5405,244488.5424,245654.8001,247099.537,248394.3164,249286.4803,249532.9664,249558.4435,249382.426,249623.4022,250221.7303,251055.3359,251500.1356,251866.5039,252296.7805,253096.8541,254177.6504,255299.8375,256285.2269,256806.3521,257013.8889,257029.6079,257339.0555,257677.635,258183.8553,258720.0353,259714.9562,261117.8506,262541.1492,263808.965,264333.2848,264354.1652,264104.6717,264093.7706,263909.4651,263709.2723,263868.6161,264628.6905,265772.4609,267077.3341,268465.5475,269517.9446,269666.0991,269494.0913,269918.8344,271528.7096,274343.6738,277993.6727,282610.9707,287900.6018,293104.5281,298234.4557,302479.3937,306584.9093,310645.3391,315140.1212,318703.4051,320692.9042,321012.3228,321624.8082,323245.6681,325993.5997,330055.7002,334902.419,340589.6022,346226.8605,351081.4389,354782.8359,356121.773,356140.1067,355012.9662,354513.4309,354206.9435,354516.6546,354907.4002,355653.4307,356813.8897,358276.2316,359958.3933,361810.4583,363625.1851,365381.9341,367192.1798,368618.6095,370185.4849,371206.2202,371637.7326,371514.2514,372174.721,373746.4187,375135.187,375397.5705,374996.3299,375095.3894,375715.6974,377010.3245,378408.9938,379834.0078
4,8,35,897535,35,0400000US35,NM,New Mexico,0,G4000,A,3.14E+11,726463919,34.4346843,-106.1316181,41,36,state,160852.1304,161418.4426,161967.4376,162333.9778,162880.4035,163176.0844,163451.4329,163352.9081,163276.1469,163089.32,163170.3802,163430.7441,163659.84,163858.3796,164236.3276,164867.6353,165462.1276,165721.1278,165936.7367,166193.8816,166665.2084,167146.0253,167336.9971,167506.8115,167667.0278,167977.3383,168230.9188,168690.0375,169371.6926,170105.5049,170452.9261,170595.6276,170620.3434,171008.0064,171497.3252,171971.7522,171984.9125,172069.4605,172363.4721,173136.9339,173775.6439,174310.6325,174783.5974,175172.6065,175574.8974,175956.4936,176535.0923,177118.7792,177560.3234,178039.94,178689.9122,179316.4032,179833.8396,180222.3273,180965.1,181902.2256,183035.9923,183818.06,184595.5043,185256.2124,186031.6857,186711.5723,187511.7936,188508.9163,189704.0004,190800.5525,191679.4057,192360.2824,192914.375,193603.9974,194652.1958,196050.2156,197504.821,198672.5972,199864.0615,201098.502,202222.7251,203329.614,204805.8885,206903.0268,209696.8274,212752.4056,215763.9475,218513.076,221200.0542,224330.9218,227693.2767,231231.6505,234738.4264,238289.9117,241421.8128,243866.3577,245412.755,246752.1052,248512.017,250789.5431,254074.4505,258361.5061,263566.9964,268585.0754,272668.1277,276122.0132,278314.4826,279088.2491,278446.4617,277732.0695,277259.7645,277185.7426,277045.0584,277239.4477,277923.3091,279501.932,281537.5508,283477.8214,285081.7831,286600.0641,287915.3396,289050.5912,289905.5409,290436.3358,290931.2996,291528.7814,293050.1732,294824.5707,296270.8989,296719.7554,296850.0992,297153.8446,297894.2239,298770.5324,299570.6555,300574.0129
4,9,6,1779778,6,0400000US06,CA,California,0,G4000,A,4.04E+11,20291770234,37.1551773,-119.5434183,9,0,state,367131.8352,369762.7216,372155.3637,375073.3302,378187.1036,380751.3478,382437.3836,383915.6171,386356.1199,389451.9734,392921.4444,396124.908,398973.0318,401380.2416,403350.5101,405257.5026,407413.7456,409623.447,411364.684,412531.6322,413529.7688,414760.1468,415787.0339,416723.6717,419826.7233,425046.9316,430976.8081,435457.2566,438429.3288,441055.6723,442016.2253,441713.855,440262.3046,439932.3314,440979.5361,443507.2759,448289.1294,454581.7755,461415.9469,466997.2325,471089.3495,474596.4215,476303.8216,477779.5559,479333.3562,482712.301,486459.2117,490862.9194,495835.5942,501319.8856,506319.195,510431.2547,514193.418,517255.7353,520041.7409,523030.6581,526402.9661,529990.0736,532526.7264,534013.0114,533549.47,531955.5797,530149.7072,529113.2288,528492.7367,528110.1016,528512.196,530193.8686,532764.3677,535794.4342,539093.5663,542512.7334,545305.358,547551.1907,549714.945,551712.9359,551965.2819,550769.8194,550615.5506,553830.4697,560967.7115,570132.4234,580804.2492,591449.0199,600288.2854,607851.0314,614702.2539,623671.4144,634411.4392,645942.6566,656364.8178,663575.444,668464.8836,672829.9046,678585.2771,685680.3481,695575.2212,708272.5235,723583.4285,737506.8353,748002.0492,753582.1764,753887.1368,749286.8525,741929.3697,735305.8368,730100.6661,725638.9019,718697.3418,711560.8639,706311.2913,705733.025,708678.2743,713836.018,720788.6996,728655.9478,736173.9279,742286.9489,746661.4748,749446.6247,749974.4623,749822.7137,751294.589,755128.3845,759585.5915,762040.4955,764022.9508,765779.7254,768060.4047,769640.3329,771401.673,773183.5092
1,2,34,1779795,34,0400000US34,NJ,New Jersey,0,G4000,A,19049183398,3532816229,40.1072744,-74.6652012,40,10,state,283278.37,284921.6506,287067.5986,289168.9598,291161.9502,292344.7865,293013.8165,293231.38,293540.3966,293727.3569,293823.4047,293793.5153,293739.7764,293836.1365,294268.6397,294746.2178,295503.6724,296032.7246,296789.1578,297751.4726,299152.197,300812.0028,302269.1104,303521.8168,304434.1818,305036.8569,305214.1726,305546.0188,306123.1778,306976.6637,307609.502,308012.5377,308170.1807,308437.5073,308850.9196,309824.6508,310734.4007,311703.5305,312466.1964,313716.8267,315178.0706,316738.5133,317894.0432,318729.0305,319521.1922,320524.196,321763.3525,322905.6432,323969.1992,324911.9843,326257.157,327535.982,328923.747,330092.3282,331629.5695,332928.8699,333881.2936,334288.3121,334918.1051,335709.6569,336766.9178,338054.9493,339759.9442,341700.0469,343183.898,344255.8161,344784.35,345228.855,345447.5521,346081.0189,347333.9092,348983.2735,351093.5527,353122.54,355670.2808,358133.6961,359958.9063,360658.3075,360707.2372,361673.6631,364627.6746,369205.1952,374840.2138,380821.1638,386395.1511,392059.8223,397293.63,402642.6075,407893.2876,413091.5619,417731.5186,420825.001,422589.2133,424122.2343,426489.0327,429469.1014,433352.7824,437936.9143,443779.6713,449824.1196,455950.3018,461090.8978,463976.1808,464127.6299,462541.7809,461392.1093,460865.4167,461146.9357,462509.4155,463907.7108,466574.0863,470240.0245,475494.9161,480585.8285,484686.5281,488163.7895,491159.7569,494051.2631,496890.1732,499583.1074,502099.3408,505645.4527,510560.0407,516149.5568,520459.8083,523420.1859,526001.3318,529098.8034,532475.0332,535469.3324,537835.9398,539422.7406
2,3,55,1779806,55,0400000US55,WI,Wisconsin,0,G4000,A,1.40E+11,29343084365,44.6309071,-89.7093916,60,19,state,151718.1597,152307.0025,152981.4805,153733.4073,154496.1593,155113.0003,155612.9072,155890.8974,155913.0454,155668.2433,155507.6743,155611.6325,156020.359,156527.2852,157114.2983,157792.2754,158554.8405,159209.2975,159706.0238,160154.901,160579.5128,161209.3176,161860.4725,162792.6086,163767.0237,164659.4855,165228.8649,165847.1393,166478.2,167181.7737,167475.8136,167842.3621,168419.4487,169394.5826,170474.7699,171564.4568,172549.1935,173328.9752,174099.5931,174931.073,175826.632,176706.0913,177573.827,178312.0629,179060.2296,179893.6413,180899.2257,181841.1465,182632.8956,183477.243,184682.3979,185983.7364,187234.9615,188140.3303,189386.5809,190440.7984,191386.9343,191660.4797,192113.5186,192803.5151,193971.8139,195477.6537,197113.5143,198445.0306,199418.4538,200175.3117,200963.3553,201728.8271,202387.2029,203142.1757,204072.4537,205133.9924,206282.2437,207369.8611,208601.6984,209877.9046,210904.1646,211594.9336,212270.3789,213721.6257,216366.9179,219660.3203,222892.6896,225658.1196,227954.9157,230192.2928,232340.4235,234998.1599,238628.2535,242912.1968,246725.2719,248665.8453,249026.6874,248804.8468,249209.5227,250270.1807,252368.3942,255113.4195,258427.3456,262391.7243,266243.8203,269578.048,270956.3583,270774.0039,269888.1375,269309.675,269298.2222,269622.0549,271003.6252,272722.1687,275266.6071,278007.8593,280922.7107,282951.2075,284020.598,285195.1151,286492.0657,287270.2115,287507.5264,287223.8966,287240.4425,288133.6642,290473.3183,293622.5571,295872.6932,297407.6147,298267.9297,299184.9325,299849.6194,300767.9382,301916.1334,303296.9202
4,9,41,1155107,41,0400000US41,OR,Oregon,0,G4000,A,2.49E+11,6168960338,43.9717125,-120.6229578,46,26,state,225732.8925,227302.558,228847.2735,230365.8479,232080.2236,233453.7625,234746.6597,235906.4211,237251.9357,238507.5911,239888.4034,241576.6984,243500.8972,245669.3846,247635.3107,249536.6487,251319.5897,253205.8753,255353.2906,257824.1487,260529.0188,263613.8715,266676.4368,270045.154,273290.8341,276322.8007,278895.8783,281538.5768,284368.2313,287204.0001,289673.5759,291816.2553,293757.9419,295941.4497,298412.9706,301223.7454,303867.7796,306468.186,308942.0213,311423.781,313553.5528,315522.7898,317160.1216,318776.2556,320212.7296,321627.2359,323090.7618,324925.9047,327204.933,329772.836,332536.0805,334912.5546,336919.4697,338078.9056,339314.7784,340383.3615,341382.8198,341912.8401,342354.7698,343234.5864,344560.2534,346262.5157,347927.6027,349230.2037,349903.5999,350438.3917,350828.2704,351414.0525,351918.8798,352831.5803,354377.0206,356453.4887,359199.8251,361994.2616,364932.7076,367222.1891,368226.5808,368288.8346,368508.9304,370488.7026,374526.6683,380034.0201,386588.1987,393385.836,400077.0354,407142.1624,414707.0088,422646.8751,430420.2619,437466.5169,443580.9451,447962.0628,451158.2594,454030.0038,457406.5061,461186.1213,466264.8318,472842.3399,480975.8436,489159.8795,496085.9436,500491.9273,500458.3891,496651.0295,490834.4514,486334.292,482967.745,480097.7414,476806.3981,474216.7883,472902.003,473236.7785,474756.4827,477040.9347,479143.2529,480878.5524,481702.7972,482010.896,481693.4778,481340.739,481106.2593,481288.4677,482209.6704,483281.3616,484182.4645,484270.923,484350.7078,484506.6425,485272.5239,486310.8694,487685.6115,489152.1891
2,4,31,1779792,31,0400000US31,NE,Nebraska,0,G4000,A,1.99E+11,1379309601,41.5433053,-99.8118646,38,37,state,129781.7732,129989.767,130192.837,130578.5348,131115.2383,131672.3127,132252.4009,132768.388,133099.3026,133234.9336,133375.7056,133701.6249,134110.4366,134610.5087,135127.2302,135838.309,136582.8497,137322.2164,137973.0373,138754.0251,139521.6755,140369.7638,141005.0628,141796.4365,142618.2304,143516.3008,144120.4914,144603.1343,144987.6248,145481.9719,145888.0901,146283.4961,146767.1977,147388.1844,148136.1329,148824.2941,149467.1805,150038.6958,150734.4599,151591.8245,152510.9229,153449.4898,154288.5595,154991.5641,155664.4883,156411.599,157255.1481,158027.77,158794.4732,159634.1936,160631.7231,161519.7798,162348.1782,163051.8036,163952.7794,164768.9044,165598.634,166057.9746,166602.8381,167023.6922,167780.872,168663.8554,169704.5863,170629.5255,171408.3132,172190.2867,172845.5567,173520.8309,174133.8603,174960.7683,175912.2486,176952.3484,177918.7958,178844.2754,179767.3769,180656.8445,181310.179,181888.9925,182781.1785,184302.3783,186555.2172,188959.6568,191410.6336,193575.6504,195735.7881,198073.8865,200727.8579,203691.313,206858.2372,209959.2978,212199.2476,213095.6884,212742.8587,212420.2921,212844.6501,214028.5431,216433.9442,219849.7934,224184.5976,228420.3957,231889.7169,234553.8776,235841.3563,235945.6904,235228.0817,234929.4139,235187.8251,235868.416,236038.1014,236411.6128,237201.124,238919.8402,240954.7381,243030.6432,244680.7419,245898.7255,246467.6777,246600.0942,246631.674,246759.3561,247275.8491,248133.7146,249497.876,250871.9111,251897.9906,252280.7531,252469.0015,252696.113,253173.3264,253880.4625,254680.3487,255871.8887
1,2,42,1779798,42,0400000US42,PA,Pennsylvania,0,G4000,A,1.16E+11,3397855215,40.9046042,-77.8275233,47,4,state,152149.2897,152244.9878,152340.2798,152578.8433,153014.7386,153475.4958,153954.8303,154190.581,154212.8666,153889.9722,153687.8917,153669.6407,153747.2348,153797.967,153984.5863,154394.3726,154973.034,155489.2475,156103.8346,156809.9271,157501.2448,158023.0035,158286.8109,158637.5427,159114.5838,159603.3219,159643.6497,159636.596,159829.6522,160321.8855,160706.4568,161092.4079,161579.3215,162198.9479,162766.0113,163405.8957,163965.6364,164461.7356,164841.4698,165282.545,165745.3245,166230.793,166739.6479,167297.5973,167921.3218,168679.811,169579.6561,170482.051,171288.5152,171992.5193,172967.2671,173893.1506,174628.5568,174991.8376,175371.2468,175807.7824,176225.1186,176467.074,176739.5446,177106.3961,177758.7474,178739.9223,179771.9928,180605.6898,181153.3141,181750.9154,182424.734,183132.0126,183773.9373,184582.8302,185612.5051,186729.1995,187831.7623,188987.3249,190227.4009,191587.2498,192412.1794,192753.2443,193049.9403,194042.738,196154.9216,198808.0284,201982.4614,204970.698,207721.935,210407.5033,213202.946,216069.777,218949.1833,221967.913,224157.7477,225008.3081,224270.3111,223681.5606,223786.6387,224731.934,227020.6241,230378.1209,234579.2734,238387.0671,241328.7073,243625.5855,244508.945,244302.6975,243359.9849,243066.615,243262.116,243466.8193,243288.201,242904.6832,243056.3562,243857.4653,245362.4429,247146.7995,248882.9286,250546.6152,251844.6601,252723.5243,253251.5982,253684.3282,254182.1399,254997.1527,256295.2825,257932.6346,259390.7635,260258.7565,260589.7974,260834.9418,261214.1126,261942.7265,262812.1994,263976.631
4,9,53,1779804,53,0400000US53,WA,Washington,0,G4000,A,1.72E+11,12548923076,47.4073238,-120.5757999,59,12,state,244721.2942,246358.9883,247850.3217,249169.4498,250596.3409,251637.9588,252502.6035,253094.4626,253906.2238,254734.7526,255942.4663,257563.8964,259665.5534,261982.181,264152.2394,266176.4882,268161.1996,270046.5499,272041.9476,274071.2272,276401.07,278947.0316,281788.9892,284951.3246,288416.2751,291687.4068,294372.0433,296719.0692,298972.4505,301265.0498,303230.9387,305010.7979,306831.5429,309018.1213,311638.5619,314728.2144,318036.6834,321574.2567,325137.1924,328654.7573,331679.7573,334506.7019,337082.1577,339666.2375,342113.4242,344430.1804,346827.5085,349554.1445,352729.1905,356223.765,360210.7505,364085.578,367890.0398,370770.2716,373816.7554,376209.2997,377941.829,378671.3524,379128.2707,379760.7502,380476.7694,381628.8951,383436.5039,385402.3632,387114.7123,388451.4036,389627.5507,390894.8046,392104.3314,393905.5286,396332.2644,399415.4843,402819.295,406545.7752,410711.4297,414864.091,417502.4848,418904.3343,420097.8999,423229.0053,428863.0881,436006.617,444027.8874,451709.023,459166.5008,467245.7166,476243.7881,486476.2324,496928.5816,506733.523,514698.9696,519557.1208,522356.9975,524353.1157,527384.1165,531730.4772,539658.9291,550807.5536,564856.173,578265.2628,588439.9912,593434.0119,591773.3574,585231.9227,576487.8746,569886.574,565439.8707,562103.9132,557754.5274,554151.5325,551909.232,551846.5863,553111.7112,555525.0355,558410.6276,561455.6337,563768.4871,565404.7073,566272.6615,566767.371,567219.9927,568290.231,570885.9787,574335.6641,577446.4063,578768.1116,579308.705,579811.1979,581404.0495,583561.3041,585895.3709,588107.2927
3,7,22,1629543,22,0400000US22,LA,Louisiana,0,G4000,A,1.12E+11,23721187320,30.8634368,-91.7987173,25,24,state,154421.154,154181.109,154041.9536,154106.1183,154322.5172,154876.2953,155729.1961,156408.0526,156926.9704,157224.9934,157857.8557,158741.3779,159691.0666,160624.9065,161362.7295,162197.9465,163105.3443,163829.929,164360.0436,164629.2213,165115.5583,165898.2275,166688.5653,167768.0514,168597.5537,169297.7926,169320.5132,169407.3247,169464.7299,169738.1203,169572.7963,169514.9249,169359.0434,169575.4135,169507.278,169482.176,169083.5777,168789.0558,168408.9679,168158.1309,167740.8875,167450.2164,167510.8699,168001.0328,168781.3866,169490.3929,169949.8975,170111.5377,170456.8916,170827.829,171521.3713,171741.1797,171707.1943,171051.1404,170812.6707,170753.6959,171010.409,170716.7747,170720.2802,170935.4551,171762.5382,172961.6655,174450.053,175783.8584,176730.7832,177240.1595,177723.8344,178037.7569,178178.7736,178307.481,178810.6531,179794.2291,181176.6363,182444.0925,183413.6884,184186.681,184439.5259,184344.4582,184184.3021,184850.9006,186599.132,188394.9695,189690.8332,190206.2133,190557.2377,191270.6332,192166.3965,193087.2215,194012.7915,195228.9807,196192.5942,196455.1683,196189.862,196456.275,197513.2109,198908.3717,200490.5694,202016.9396,203808.5999,205499.4249,206899.2219,208253.9082,208918.692,208742.8117,207383.5795,205910.4886,204563.3158,203355.162,202538.5725,201945.2583,202307.618,202757.8371,203147.1801,202757.7607,201881.4717,200842.419,199807.1865,198878.2168,198107.1098,197453.8789,196575.1897,196344.2877,196639.2891,197540.5404,198083.3939,197995.6511,197475.2029,196649.3093,195769.2117,195161.2441,195222.7731,196083.6358
3,5,13,1705317,13,0400000US13,GA,Georgia,0,G4000,A,1.49E+11,4419673221,32.6295789,-83.4235109,16,7,state,136177.403,137363.0283,138463.5131,139591.0635,140746.6117,141714.1085,142551.3974,143211.5678,143807.308,144260.5256,144797.7955,145373.7318,145944.7893,146502.252,147128.0601,147911.4178,148775.6121,149642.9452,150597.5195,151587.9441,152637.1721,153642.3527,154539.9965,155443.3278,156442.8938,157425.5777,158123.2761,158840.6904,159537.241,160291.9103,160708.0367,161058.9965,161559.9435,162317.8511,163240.5873,164226.0574,165166.1083,166151.2302,167154.8393,168207.1875,169110.4588,169948.4079,170852.2236,171824.7287,172877.5792,174001.2172,175329.9328,176856.2861,178370.1811,179801.6698,181228.3409,182486.6914,183691.015,184606.8753,185794.9429,187007.5929,188451.1088,189661.7575,190971.415,192319.2787,193753.099,195063.4615,196226.8993,197183.908,197969.2916,198646.1288,199332.0137,200126.2223,200860.9262,201802.4574,202958.8931,204384.4494,205929.6699,207469.1769,208928.2342,210084.8161,210650.904,211016.1284,211738.0618,213396.9761,216049.4288,219317.5954,222980.2839,226623.7844,230273.5387,234074.0879,238058.6088,242222.2415,246715.1583,251584.9046,256004.7646,259494.7422,262225.8137,265418.7028,269475.2982,274122.1612,280076.874,286692.2478,293605.7254,299833.9277,305134.6082,309759.116,312528.4693,313589.6984,313147.4614,312415.0897,311513.2108,310410.5905,309110.6623,308259.4707,308367.0721,309279.8232,310770.2782,312442.6962,314121.6002,315786.105,317239.6729,318429.6367,319307.0786,319882.9148,320313.0269,320972.4004,322261.9896,323868.8236,325181.5691,325774.2555,325994.4961,326179.2201,326237.2892,326032.8836,325456.8543,325030.3557
3,6,1,1779775,1,0400000US01,AL,Alabama,0,G4000,A,1.31E+11,4582326383,32.7395785,-86.8434469,4,23,state,128213.8684,128709.4595,129088.4303,129470.1246,129818.855,130074.257,130375.6934,130641.4614,130776.0433,130545.3058,130277.5768,130111.6705,130011.7357,129904.0151,130002.1898,130487.2825,131103.6307,131619.8842,131970.185,132295.2322,132581.6006,132981.3708,133353.3686,133887.5419,134486.5562,135155.7847,135498.3813,135841.9792,136049.0916,136384.4886,136449.0107,136620.4988,136916.3283,137417.0271,137909.9936,138407.9123,138837.3256,139142.3344,139330.4659,139507.9003,139637.9946,139737.9173,140002.5243,140452.5222,141055.63,141677.1011,142325.4818,142900.1973,143411.2755,143831.6445,144515.7227,145044.1495,145524.0622,145686.3898,146106.9152,146612.1104,147213.7109,147491.0229,147904.5797,148428.6756,149323.8878,150389.166,151625.223,152592.4357,153231.5783,153745.5835,154388.3297,155152.232,155740.5306,156501.6099,157539.0336,158872.0489,160112.5914,161147.056,162207.9466,163311.5842,164245.3321,165038.3091,165881.9767,167146.1661,169017.1263,171135.4514,173383.519,175311.0288,177113.3319,178980.8907,181018.839,183287.8208,185834.8071,188744.9698,191630.1513,193883.2769,195338.1635,196727.6379,198637.0214,200729.3515,203047.0481,205327.8125,207788.9326,210465.9353,212870.496,215328.8815,216756.4612,217571.6723,217444.6546,217125.5445,216590.4088,216102.6507,215686.2879,215454.4542,215809.7752,216843.8766,218388.6782,219759.3908,220430.2026,220480.5877,220276.5946,220097.7683,220139.3811,220072.9261,219806.3216,219724.0102,220447.0369,221773.2781,223022.4908,223548.8873,223621.9637,223484.7369,223364.4627,223502.2228,223682.9314,224308.0388
4,8,49,1455989,49,0400000US49,UT,Utah,0,G4000,A,2.14E+11,5963196691,39.3349925,-111.6563326,55,30,state,218337.445,218952.6922,219778.1556,220489.8233,221384.7637,221975.1551,222576.1545,223131.4815,223764.8436,224218.624,224720.0794,225406.641,226551.2045,227848.4563,229305.8702,230798.8479,232379.4348,234080.5886,235994.714,238221.953,240491.3824,242675.2446,244624.8239,246627.0329,248780.0107,250769.9752,252339.595,253867.3509,255596.0579,257580.8253,259337.9905,260827.3254,262181.2845,263598.1323,265123.2679,266758.5098,268564.2188,270671.483,273037.2366,275439.4499,277611.4234,279718.4112,281641.6545,283602.1607,285532.9132,287436.7056,289386.8616,291502.725,293850.809,296309.9536,298959.3698,301274.2821,303464.0329,305357.8152,307972.257,310548.5973,313023.8688,314902.0969,316757.7292,318414.6102,320517.223,322973.8991,325715.9696,327869.603,329256.0246,330148.1187,331004.3431,332121.0084,333563.7817,335408.5493,337756.0011,340530.6701,343459.575,346589.6358,349906.4401,353016.9496,354876.9746,355895.6466,357128.9943,360032.9052,364941.3095,371257.1548,378470.8944,385810.9035,393174.7644,401213.3414,410132.4985,420131.0934,431235.429,442479.6996,452750.1247,460708.9917,466641.0785,471503.0563,476234.8736,481444.3053,488811.6813,498486.5188,510370.0141,522169.4717,531808.8728,537299.6522,536793.5178,531518.7963,523823.6248,517243.8098,511920.2656,507665.9162,503897.8873,501008.5179,498914.1459,497664.5395,497377.8801,498426.619,500076.2572,501836.9931,502986.894,504474.0043,505531.5615,505977.043,505555.3561,505697.7044,507005.2464,508537.9409,509392.0428,509056.1343,508173.4024,507609.0349,508265.0665,510051.5693,512617.7804,515199.0076
2,3,39,1085497,39,0400000US39,OH,Ohio,0,G4000,A,1.06E+11,10274524796,40.4149297,-82.7119975,44,6,state,111359.0888,111465.6244,111606.9273,111991.7468,112661.9583,113380.6418,114031.4385,114413.2043,114609.1547,114518.5929,114482.9298,114615.5455,114946.3523,115304.1572,115718.6127,116240.7158,116900.7335,117535.9296,118195.4148,118889.7418,119543.2801,120153.675,120523.2865,120985.7792,121608.4061,122389.8237,122872.1632,123172.2823,123365.8324,123748.5724,123994.8497,124262.2206,124585.268,125103.4806,125663.9728,126261.739,126832.7347,127348.17,127864.6393,128435.3742,129013.92,129598.4995,130200.806,130839.8091,131414.111,132022.0814,132730.1214,133466.4491,134090.7239,134619.4228,135425.6888,136312.2277,137254.6413,137886.3846,138584.1836,139249.2386,140018.257,140621.0005,141331.9826,142048.6283,142897.1017,143859.3809,144831.7006,145574.4893,146038.7641,146483.1475,146983.2851,147450.2427,147841.9737,148377.4605,149171.6543,150044.3206,151020.0752,152010.1268,153083.0446,154056.2111,154679.0865,155114.5767,155746.0524,157047.3831,159115.2732,161650.937,164441.842,167060.3894,169356.513,171517.0343,173740.2197,176132.4476,178643.4947,181224.9774,183041.3539,183660.2466,183224.3873,182960.202,183330.313,184152.1515,186149.709,189062.3444,192603.2803,195904.7668,198594.0691,201066.9648,202449.2261,202931.7033,202547.5694,202277.6611,202195.9491,202088.5991,201466.9749,201107.2708,201366.2533,202671.8061,204546.4956,206647.3407,208556.8624,210074.2752,211204.9272,212000.664,212614.4736,213037.8633,213444.9218,214215.6894,215743.776,217703.8206,219474.9729,220671.0433,221467.0309,222035.2445,222431.4308,222903.9591,223522.0481,224714.8364
3,7,48,1779801,48,0400000US48,TX,Texas,0,G4000,A,6.77E+11,18982083586,31.4347032,-99.2818238,54,1,state,145675.3176,146785.6684,147905.8188,148879.5173,149865.8507,150867.2552,152007.6603,153033.176,153937.3523,154578.4099,155388.5806,156336.4512,157522.6153,158751.8881,159953.6699,161078.2974,162154.2955,163226.0901,164340.4696,165503.0571,166688.5019,167882.9596,168934.8465,170025.7862,171194.0117,172412.6366,173311.2642,174166.3048,174991.4438,175975.0097,176794.9139,177592.1373,178503.6687,179508.856,180639.7879,181726.5073,182795.7143,183750.3343,184768.3167,185895.1868,186909.8638,187824.3868,188532.253,189282.6707,190044.6381,190953.3594,191954.0759,193065.1438,194166.9298,195169.4411,196343.7141,197442.4093,198588.2401,199458.4308,200453.1106,201347.9357,202230.9001,202904.3118,203667.9381,204517.0287,205358.2804,206099.6738,206741.0911,207282.7974,207769.5613,208241.7761,208742.7974,209343.3295,209999.5444,210878.0127,211918.1531,213050.7247,214200.5609,215312.9595,216397.8408,217179.9341,217459.1979,217626.3484,218279.7559,219699.1471,221841.8286,224260.0824,227018.0194,229690.0775,232495.2136,235483.1673,238866.1655,242620.5083,246916.9735,251513.9318,255731.2291,258946.0045,261296.0821,263733.8731,266890.1439,270518.1838,275291.3823,280629.8657,286666.4236,292523.2505,297906.6186,302605.3737,305462.4396,306359.3466,305698.1375,304752.7298,303755.4776,302474.0725,300783.3411,299175.5459,298102.4385,297732.1298,298052.0851,298882.25,299629.8892,300210.066,300248.0255,300017.632,299528.677,298924.7166,298726.2414,298985.8822,299853.6746,300705.2155,301034.591,300804.3694,300247.1804,299834.6127,299577.2013,299320.9752,298954.559,298684.5556
4,8,8,1779779,8,0400000US08,CO,Colorado,0,G4000,A,2.68E+11,1185758065,38.9937669,-105.5087122,10,20,state,243457.1695,244725.3457,245932.0381,247317.1803,248809.756,250327.9346,251929.1865,253541.8097,255503.9241,257627.1454,260010.8698,262592.6542,265520.9783,268788.6535,271965.3709,274942.3685,277673.527,280308.1917,283080.5514,286013.5868,289102.1729,292007.1644,294811.8957,297547.9757,300362.6782,303072.6946,305727.1036,308549.4657,311327.7379,313941.2636,316109.6252,317856.0974,319468.9353,321366.5722,323847.1965,326770.8524,329607.1575,332621.5289,335660.8615,338785.829,341415.5905,343431.2786,344787.0007,345883.5498,347178.5783,348892.0177,351011.939,353565.1549,356327.6346,359120.4362,361845.311,364281.3489,366609.4459,368367.5271,370304.3635,371912.6075,373502.0248,374704.8156,375865.8282,377157.7758,378627.1811,380535.3407,382611.0437,384468.1525,385447.9512,386043.081,386486.4574,387270.5543,388083.3215,389302.358,390988.928,392991.0266,395236.5053,397737.9748,400617.1032,403357.4569,404665.1145,404857.7487,405017.8314,406740.0713,410481.9437,415477.3609,421177.3385,426757.4101,432127.1319,438212.0313,445600.658,454197.2058,463494.1878,472623.81,480242.4002,485490.9893,488759.1002,492117.7655,496652.8706,502153.323,509579.0876,519110.7662,530959.9824,542623.2434,552116.7467,557898.9023,558492.2267,554740.4487,548745.0968,543900.8121,540168.8529,536999.903,533447.1988,530369.7722,527773.1456,526393.9106,526273.6651,527694.0301,529766.5237,532018.7012,533867.1193,535032.5938,535336.4968,535139.1792,534725.7527,534815.5195,535537.2464,536842.692,537620.1752,537431.4527,537134.8384,537280.28,538196.8666,539065.6668,539959.809,540652.1428
3,5,45,1779799,45,0400000US45,SC,South Carolina,0,G4000,A,77866000436,5074443652,33.8741776,-80.8542639,51,22,state,142939.1551,143521.6384,144051.6631,144601.6735,145150.7558,145694.9542,146241.9226,146556.502,146771.1464,146763.7633,146917.3384,147154.7669,147527.8071,147962.7544,148536.6654,149219.621,150022.4873,150809.2447,151620.4306,152416.1645,153207.2088,154105.4087,154957.4165,155874.5904,156816.5347,157668.8524,158189.5592,158616.9326,159003.9102,159578.9029,160037.6756,160601.931,161320.8154,162242.2568,163151.9137,163906.5043,164371.1581,164743.6084,165124.4141,165838.3463,166509.7306,167202.221,167807.1414,168534.6501,169388.7751,170268.233,171264.0652,172195.84,173089.3366,173940.7806,174973.1602,175794.0179,176503.0898,176965.3949,177777.2784,178727.4173,179750.7474,180418.0774,181029.2039,181608.5668,182402.7192,183217.0054,184154.8812,184990.2701,185785.0982,186559.5802,187308.5,188046.0706,188599.7432,189315.3421,190295.7289,191461.7224,192707.7897,193738.6259,194830.3742,195831.3265,196695.0976,197446.7843,198442.973,199989.8967,202302.8878,204990.0837,207894.3756,210626.608,213181.2304,215804.6522,218517.4053,221362.4246,224677.5954,228564.0645,232484.2763,235572.9925,237818.7344,240117.5895,242999.3138,246222.1528,250269.7072,254903.7631,260166.2985,265533.147,270625.3274,275418.9778,278723.9227,280449.2909,280590.7025,280550.8854,280447.9232,280217.3238,279619.529,279080.2655,279188.9045,279995.5567,281300.5509,282981.4616,284360.0429,285579.4558,286434.1421,287218.4362,287965.6177,288471.3253,288796.1168,289340.9382,290470.7381,291923.769,293110.7395,293707.965,293972.7561,294082.3524,294036.3183,293920.6266,293637.6972,293806.242
3,7,40,1102857,40,0400000US40,OK,Oklahoma,0,G4000,A,1.78E+11,3373395450,35.5900815,-97.4867789,45,27,state,110836.9349,110972.9871,110987.0918,111109.3088,111415.2988,111929.4689,112509.2905,113039.651,113477.5045,113761.0921,114164.9152,114783.2422,115367.2396,115714.1189,115978.2233,116339.8547,116766.9334,117009.6702,117248.223,117497.5845,117969.967,118286.3658,118285.3871,117941.1345,117878.1086,118294.8724,118976.5808,119658.7958,120214.4828,120697.6924,120994.2494,121227.8528,121454.4023,121849.056,122115.781,122201.0946,122153.9276,122336.8556,122667.5292,123006.6766,123268.0353,123525.7787,123765.4477,124025.3735,124381.125,124839.9128,125293.1702,125739.6607,126266.8799,126732.3196,127261.7831,127716.0885,128057.1968,128087.0151,128203.2731,128398.3087,128849.7855,129200.0855,129847.2204,130555.1139,131061.1066,131478.5834,131865.4409,132357.1544,132760.0412,133289.4188,133873.2536,134396.156,134674.3193,135176.4796,136044.0467,137282.6205,138734.1318,139963.6694,140849.8718,141328.0281,141463.4529,141614.2189,142043.3413,143104.3647,144800.0906,146727.3996,148975.2015,151180.7184,153255.5477,155152.1634,156996.7504,158814.1239,160703.4972,162772.915,164536.6087,165906.2195,166753.3719,168083.8097,169797.5315,171793.5426,174274.2058,177004.6433,179971.2603,182518.9201,184649.0081,186681.9232,188241.2718,189184.365,189539.1798,189913.8709,190489.8173,190836.2247,190647.9822,190393.2982,190594.0538,191437.6257,192618.5862,193731.3413,194503.0762,194906.8057,195132.8689,195569.8465,196161.0822,196779.5359,197135.3036,197547.0129,198228.3878,199230.9079,200027.3742,200508.2907,200726.3324,201105.1673,201374.822,201793.1966,202274.5786,203243.2765
3,6,47,1325873,47,0400000US47,TN,Tennessee,0,G4000,A,1.07E+11,2322248149,35.85846,-86.3496339,53,15,state,137879.572,138466.2047,138963.8372,139586.1512,140308.4717,141073.1538,141762.5566,142184.8568,142475.4016,142598.3769,142943.1376,143379.5976,143912.0088,144473.9729,145110.3994,145875.7835,146747.8127,147652.1154,148609.6856,149506.6119,150440.2479,151433.2781,152365.9425,153349.861,154368.9238,155365.3079,156047.6926,156631.4352,157161.8831,157839.705,158499.2564,159346.2345,160411.7976,161730.1858,163198.7953,164655.9501,165855.6359,166678.6218,167360.5947,168213.4986,169134.6076,169996.4317,170821.3614,171775.2365,172940.0605,174212.1944,175546.4174,176772.3383,177918.3458,178901.0071,180056.2724,181049.6521,182045.4495,182808.1417,183843.9475,184905.9776,185923.9181,186589.578,187216.1655,188007.2351,189149.235,190589.971,192129.2599,193440.6748,194509.2496,195580.0542,196661.9905,197805.3564,198822.6533,200021.7487,201459.3263,203017.8729,204757.4732,206337.8219,207872.7104,209166.5785,210085.8681,210784.4437,211547.9022,212965.8471,215362.3703,218268.7253,221440.171,224325.0323,227213.2386,230322.8432,233623.9836,237217.5882,241326.5277,246397.5764,251494.6521,255452.2522,258113.6953,260689.4568,264265.159,268519.0603,273792.5954,279786.25,285824.2327,291667.2183,296475.3293,300867.3303,303402.7247,304245.2004,303534.8804,302377.9729,301148.5328,299946.5192,298766.5027,298445.1233,299105.2193,300721.8988,302482.8358,304459.2391,306055.4331,307612.9969,308840.8446,309867.9238,310686.1971,311092.0184,311193.2275,311558.5788,312868.3836,314810.1969,316709.6707,317685.65,318063.1118,317839.4917,317516.254,317365.5376,317269.3873,317775.652
4,8,56,1779807,56,0400000US56,WY,Wyoming,0,G4000,A,2.51E+11,1868053273,42.9896591,-107.5443922,62,51,state,207822.0268,207866.8957,207963.8678,208154.1857,208778.6071,209282.6724,209983.4512,210572.8135,211367.6233,211872.5208,212300.4817,212980.9869,214043.0493,215505.2533,216983.7141,218362.9494,219524.5283,220604.1424,222008.2827,223570.8166,225178.2693,226385.617,227211.1208,227592.69,227946.147,228418.4706,228768.2062,228834.948,228814.6769,228892.214,228763.6922,228358.3531,227756.4727,227497.1779,227566.9315,227970.4489,228322.7123,228449.4422,228448.8896,228687.0829,228924.8174,229162.2712,229182.453,229202.2048,229287.4934,229551.6468,229944.238,230438.8037,230843.3969,231049.9264,231405.1189,231560.0402,231820.4527,231748.3209,232298.9702,233047.1614,234175.1797,234906.3056,235523.7752,235915.6485,236435.9643,237250.5143,238489.2381,239919.4895,241161.7717,242530.386,243873.8834,245491.087,246674.6817,247961.1972,249303.1602,251005.4439,252209.8376,253137.1266,254008.5382,255248.7783,256344.2161,257192.1447,258100.2455,259568.0388,261724.6165,264067.5409,266754.9359,269227.1687,271594.2077,273936.248,276629.009,279582.0651,282350.6978,284740.9363,286890.665,288831.8644,290531.0505,292567.9466,295116.1366,297933.114,301218.7943,304307.1118,307949.0214,311306.735,314596.2871,317877.0613,320266.7986,321454.0003,321347.3232,321684.8195,322377.5108,322847.5566,322502.2149,321974.4573,322031.5723,322949.0017,324635.736,326636.5966,328282.2504,329896.4657,331204.2241,332457.2351,332854.6302,332505.9921,331994.0254,332241.9237,333433.986,334998.1078,336314.6043,337046.245,337547.9605,338911.8651,341148.8698,343849.9227,346044.0401,348280.759
4,9,15,1779782,15,0400000US15,HI,Hawaii,0,G4000,A,16634423916,11777375352,19.8281671,-155.4950421,18,40,state,455287.8166,457852.6293,460676.7276,463627.9653,466866.1153,469546.3213,472106.0595,474377.5342,477570.3268,480519.1427,483442.1579,485603.2486,488077.5749,490683.0905,492975.3755,494490.3119,496236.0697,498151.4623,500733.0207,503761.0727,507802.4334,511868.4647,514854.2848,516231.9397,517858.3813,520000.6821,522749.1826,524745.3589,526457.0424,528026.9549,530473.6945,533294.0584,536364.7496,539276.8967,541953.1822,544639.1431,547145.9896,549226.7146,551724.9335,554250.4251,557019.7753,559537.3144,561974.3534,564667.6877,567587.6953,570882.9588,573637.3895,575725.8064,577447.1637,579262.8056,581868.6022,584498.9884,587728.9681,589970.1808,592016.8308,593496.1866,595046.5324,596182.3314,596564.1251,596954.1009,597047.6937,597357.1777,597927.7254,598993.9345,599863.3297,600406.3504,600777.4214,600805.5449,600614.7876,600481.1676,601487.2322,603031.0584,605332.3753,607742.1886,610081.5649,611931.9154,612198.1154,611363.8599,610960.0943,612966.1195,617725.9982,623672.1726,630730.9337,637879.4826,644593.9757,651218.6623,658239.4022,666857.224,677052.6528,688552.0304,698599.1057,705172.0998,709978.051,715980.583,724411.3007,733388.2689,748035.7171,767437.6192,791389.1611,810841.1913,825867.4181,835019.1983,838557.7407,836380.4022,830958.3924,826362.7786,823343.8576,820859.5846,816317.3542,811304.2864,807720.9796,809115.2148,812106.3969,815245.8466,817191.5226,819429.0245,821599.2134,821228.4761,820732.0556,820029.9062,820283.2105,820166.3899,822784.886,827857.5245,832541.7685,833501.7238,832632.4971,832402.4358,833941.015,835205.0822,834706.343,833269.9988
2,4,38,1779797,38,0400000US38,ND,North Dakota,0,G4000,A,1.79E+11,4414747947,47.442174,-100.4608258,37,47,state,197368.3849,197828.4473,198139.7821,198508.8494,199099.1928,199979.2821,201339.4567,202912.4307,204467.6477,205849.3967,207302.8567,208919.132,210404.9378,211811.1448,213209.3525,214913.0086,216732.7424,218322.8112,219478.7468,220446.7397,221185.1909,222063.2001,222729.308,223863.3295,224567.3211,225027.941,224514.7994,223925.9197,223410.3289,223297.8959,222942.5411,222027.9234,220997.0947,220204.4616,219847.5729,219686.1487,219474.0769,219503.993,219481.37,219667.1978,219694.8662,219726.3777,219688.6345,219337.378,218837.932,218208.4742,217647.8199,217028.0275,216512.9154,216170.281,216288.5342,216276.6151,216144.2832,215466.2059,215046.9784,214581.3212,214398.5327,213980.8215,213676.9871,213347.1551,213405.7715,214006.0332,214906.9855,215671.6809,216304.8397,217205.2638,218179.9396,218887.4168,219146.6878,219564.9268,220221.5642,221053.3848,221393.971,221622.647,221880.2781,222560.7625,223012.3852,223289.1035,223588.8827,224345.4211,225969.952,227150.0197,228110.7817,228383.0975,228802.4621,229342.4723,229801.4522,230688.4177,232230.1323,234453.2216,236570.1629,237986.1394,238513.9836,238978.4354,239744.4518,241087.9808,243141.1102,244963.0958,246833.7681,248867.1059,251068.1937,253393.7619,254561.502,255120.1731,254751.9853,254838.3465,255125.5647,255183.5984,254280.2402,252991.7929,252427.478,252945.1705,253997.5164,255160.844,255659.7776,255918.648,255366.2256,254471.8451,253374.0547,252036.8302,251330.9493,251441.0549,252835.8861,254666.7046,256151.4471,257328.3038,258308.5936,259183.0236,259945.8482,260855.7274,261979.677,263288.3666
3,6,21,1779786,21,0400000US21,KY,Kentucky,0,G4000,A,1.02E+11,2384223544,37.5336844,-85.2929801,24,25,state,105792.1433,105953.7998,106007.0306,106251.413,106705.9537,107377.6352,108020.2191,108439.5644,108575.5596,108443.8639,108311.0171,108364.0061,108476.5871,108611.8945,108824.7339,109335.2578,109949.5072,110527.5422,111022.2136,111587.3468,112120.0043,112654.9393,113002.4358,113478.3371,114013.3683,114596.2411,114863.9235,115062.5363,115333.1923,115883.5383,116268.8636,116658.0086,117084.3721,117740.5942,118410.4068,118977.7723,119441.5351,119845.5992,120261.0599,120780.8926,121313.5902,121840.0608,122437.1596,123053.6366,123834.975,124423.533,124821.1044,124974.5265,125341.8962,126133.959,127322.6569,128348.6932,129079.9234,129449.0525,130028.382,130668.1123,131412.2491,131780.5757,132259.6358,132767.1383,133463.3392,134214.1016,135035.7064,135802.3459,136336.9209,136771.9026,137172.8825,137615.0753,137947.1022,138515.9901,139301.2937,140229.7111,141180.7048,141989.3491,142855.4512,143605.6372,144336.2609,144993.8973,145916.8221,147302.1364,149371.7299,151658.0387,154031.4583,156080.3648,157810.4785,159411.7713,161011.235,162666.8226,164451.8014,166486.4407,168289.6749,169470.7936,169835.2589,170293.4767,171176.6932,172465.5444,174424.3089,176730.3207,179290.8593,181686.8473,183752.1311,185882.8667,187360.8698,188065.8939,187961.6115,188032.9721,188394.7882,188828.8947,188782.612,188770.1205,189229.7336,190403.9321,192017.9298,193355.6469,194159.6009,194479.0641,194913.7868,195533.3109,196292.2704,196884.4481,197043.7843,197364.9502,198195.3587,199923.8578,201482.04,202608.357,203076.3705,203396.5093,203330.4333,203602.9877,204304.1422,206172.9141
1,1,23,1779787,23,0400000US23,ME,Maine,0,G4000,A,79888284131,11745177995,45.4092843,-68.666616,28,42,state,174690.9367,174755.0574,174893.0147,175143.4616,175793.4428,176548.9893,177350.174,177709.1302,177871.4982,177594.6604,177331.9638,177112.8269,177044.5641,177225.3181,177498.18,178154.5044,178963.5693,179935.2093,180990.6252,181961.9609,183005.6241,184121.6039,185096.942,185872.7736,186373.881,186937.4345,187200.3578,187675.6089,188383.3102,189549.426,190457.4342,191202.1923,191944.3058,192904.0247,194111.5455,195412.6712,196499.3143,197419.1916,198299.9395,199549.7584,200896.0844,202438.3614,203862.3529,205173.713,206066.4397,206853.2542,207655.468,208555.8936,209491.9325,210281.4675,211460.8221,212858.442,214401.1199,215718.4079,217211.1001,218849.648,220209.8685,220922.3962,221385.092,221954.3596,222521.2258,223094.1372,223870.8474,224744.0055,225303.9624,225773.4828,226450.2016,227611.3239,228636.8216,229866.4678,231256.4792,232646.1801,234116.0385,235673.86,237765.8513,239935.6926,241768.5985,243300.3533,245122.9082,248085.6504,252421.6887,257506.1763,262957.1931,268284.8581,273228.6277,278012.6176,282615.2261,287663.1115,293433.6028,300058.8372,306244.9431,310078.2024,311501.279,311807.4541,313102.0307,315196.5693,319164.6775,324706.3357,331891.8034,339650.9396,346718.1873,352305.3299,354709.3113,354046.8326,351692.5631,349707.8409,348765.2063,348871.2192,349292.1108,350275.8005,351993.6026,355257.3373,359273.8379,363615.7083,367160.2045,370382.4583,373243.8118,375646.2781,377218.5469,378036.615,378344.776,379273.4939,381320.5941,384094.7186,386261.7926,387028.4643,387198.0653,387688.4602,388648.4325,389774.5341,390261.9543,390860.9942
1,2,36,1779796,36,0400000US36,NY,New York,0,G4000,A,1.22E+11,19256833049,42.9133974,-75.5962723,43,3,state,258163.9627,258687.5688,259649.0076,260768.114,262098.5174,263016.1894,263771.4444,264220.5263,264823.135,265290.4736,265932.3838,266480.1895,266890.5321,267132.4344,267378.061,267823.8401,268624.3414,269501.7199,270593.9467,271904.1027,273636.8139,275510.7732,277042.1298,278283.1993,279161.3631,279847.4073,280157.9161,280712.8342,281564.1988,282884.5487,283969.9973,284746.802,285344.5862,286176.9456,287462.903,289238.7678,290866.7377,292585.25,294102.1144,296145.9602,297792.0311,299237.4915,300303.6408,301623.4107,302963.2494,304637.6043,305995.4768,307511.1503,308880.3095,309976.9619,311405.6852,313003.1261,315327.3198,317424.7659,319793.0812,322102.7304,324472.1079,326041.5349,327157.9081,327812.8451,328877.9504,330378.2227,332004.6598,333372.9715,334154.6834,335108.6803,336081.3322,337245.0034,337881.1374,338598.4096,340030.9093,341852.9206,344098.9031,345811.1787,347387.1674,348696.1747,349835.0443,350450.7084,350625.0798,351024.8941,353040.1784,356343.4362,360708.9177,365524.2459,370082.5274,374839.1728,379283.7228,383413.2415,387541.5158,391408.0011,394823.9816,396906.5403,397936.0838,399423.4249,401659.4908,404302.5893,407416.1436,411190.7961,416228.6139,421383.2466,426087.9395,430589.4878,433625.7842,434535.3018,432995.3057,431199.3226,429671.6918,428117.6059,426491.0328,425139.6803,425232.1573,426697.063,429094.6074,431912.4603,434900.4249,437937.1307,440514.1309,442340.9298,443866.497,445537.0971,447307.6936,449494.322,452436.0441,456031.8553,459336.9387,461994.5056,464479.169,467519.3795,470329.9293,472704.1984,474502.0999,476224.6421
4,8,32,1779793,32,0400000US32,NV,Nevada,0,G4000,A,2.85E+11,1839880833,39.3310928,-116.6151469,42,32,state,180100.3701,181538.1927,183054.2683,184882.7664,186722.7079,188831.4332,190697.1986,191994.6392,192981.7059,193621.0015,194730.0025,195582.3971,196617.2247,197517.5695,198691.4695,200096.1425,201772.5935,203854.7139,206010.6937,207835.2598,209431.3745,210849.8056,212541.6266,214034.3696,215502.9993,216843.0089,218021.993,219437.8773,220737.6399,222183.5908,223170.9768,223697.7624,224199.5491,224851.6996,226048.4216,227424.3568,229163.3463,231421.5381,233956.1329,236535.0481,238605.1806,240698.461,242937.2569,245600.0558,248524.1145,251606.273,254592.756,257669.6607,260509.2708,263309.5164,266094.3017,268881.9763,271881.293,274901.1301,278367.818,281832.4287,284977.66,287492.8666,289473.237,290975.0576,292216.9335,293535.2716,294823.797,295886.9371,296218.4805,296494.9108,296736.0711,297248.9238,297553.9169,297832.4253,298316.0267,299119.0893,300637.3604,302321.8074,304193.6953,305507.2834,305845.5193,305630.1044,305676.9394,306861.3135,309051.2526,311861.1873,315444.9762,319467.4646,323574.6023,327928.8756,332993.5613,338946.6746,346096.5376,354253.3912,362673.6164,370133.1997,376211.107,381565.9591,387120.5006,392580.0653,399282.3462,407256.5125,417058.8528,427079.8728,436117.2838,443213.495,446707.6241,446084.2793,441546.2162,435715.8504,429206.0186,423135.86,417147.8913,412244.6432,408637.6456,406587.1092,405778.9603,406310.9156,407794.5028,410253.0114,412609.5186,414782.574,416701.8072,418558.8775,420130.3999,421842.5704,423799.4844,426355.687,428863.9126,430931.2262,432650.2072,434157.5153,435604.1933,436935.2742,438297.6947,439837.9539
4,9,2,1785533,2,0400000US02,AK,Alaska,0,G4000,A,1.48E+12,2.45E+11,63.347356,-152.8397334,3,48,state,259920.8455,259112.7701,258609.8336,258997.4018,259871.7983,260319.7277,260816.1231,261281.2998,262958.7625,264142.8978,265429.3176,266215.0045,267091.9448,267677.237,267874.6594,268443.2389,269317.664,270248.8604,271295.4006,272473.71,274297.2339,275718.061,276802.0976,277257.077,277473.8125,277510.6548,277122.6064,277267.983,277704.9661,278337.0478,278486.0656,278268.2993,278504.8665,278864.8467,279495.1064,279896.8342,280105.6195,279876.2938,279319.2534,279141.7136,279134.4646,279339.5278,279539.0865,280030.5168,280931.8167,281945.3949,282935.3923,283354.5203,283669.244,283874.167,284367.6466,284766.921,284914.276,284554.8259,284471.4456,284508.011,285136.3482,285294.4454,285357.9448,284994.8432,286834.1905,290587.2346,,299157.4714,301302.0578,302789.8954,303902.1325,304949.6269,306010.4253,307139.5784,308626.9301,310085.2895,311328.25,312120.228,312566.7255,312623.4785,311837.9891,310736.3635,310169.3018,311036.9342,312909.9665,314873.2937,316780.6571,318397.4092,319457.6206,320030.4287,320279.1011,321175.8224,323158.405,325864.6888,329759.4152,333238.5624,336391.5906,338518.4444,339970.9081,341642.1679,342933.0079,343945.0342,345323.4785,347595.1483,350949.9803,353967.0226,356009.3915,356951.9694,356506.3951,355732.8282,354821.7478,354203.0644,353317.1529,352628.0211,352239.9601,352442.0822,353126.3288,354755.1274,356229.66,357555.356,357772.211,357345.5783,356403.8381,355492.9465,355704.5715,356677.5697,358213.5746,359313.0183,360195.6503,360754.1372,360934.5886,361017.6806,361566.4096,362784.3903,364021.1342,365470.8304
2,3,26,1779789,26,0400000US26,MI,Michigan,0,G4000,A,1.47E+11,1.04E+11,44.8441768,-85.6604907,30,9,state,111048.4785,111976.3356,112817.6552,113771.5846,114716.9237,115792.4341,116803.3221,117601.597,118159.4306,118312.1545,118513.2714,118794.5642,119296.703,119847.6894,120608.9236,121537.7603,122597.77,123539.9563,124334.8108,125072.0786,125805.7415,126563.006,127189.086,127863.4291,128726.9508,129640.566,130274.7135,130922.4257,131622.4767,132524.2439,133042.9157,133507.4754,133982.4033,134671.7925,135469.3911,136383.4984,137376.8412,138358.0999,139382.1746,140370.159,141346.8904,142284.5141,143252.586,144079.9768,144817.1551,145512.9288,146403.8648,147357.9271,148416.4217,149412.6278,150711.44,151894.6334,153075.7218,153854.2235,154801.7841,155466.0768,156091.6152,156192.6679,156538.0492,157109.4467,158200.5947,159548.7363,161008.178,162297.0932,163294.4794,164025.5394,164389.345,164533.3185,164562.5437,165026.6098,165824.3578,166641.9346,167539.6191,168684.246,170077.4872,171388.1767,172025.1284,172244.1095,172485.8688,173432.0503,175450.4114,177927.1164,180746.2796,183316.5946,185959.1943,188850.1975,191922.5156,195078.4494,198311.5078,201660.3045,204179.6076,205271.1645,205083.2354,204823.0391,205152.9478,205980.0435,208069.5335,211292.4855,215359.4,219296.3077,222283.4503,224555.1969,225114.7504,224467.7051,222969.6882,221960.2126,221217.1791,220685.8786,220290.7388,220296.3798,220883.1871,222005.3171,223634.7462,225295.2291,226586.5304,227750.7305,228655.4102,229375.5344,229804.7865,230059.8744,230389.6974,231292.7413,233102.6021,235326.0527,236921.6604,237858.1117,238151.8859,238439.0144,238684.7452,239266.2642,239891.1826,240811.1931
3,7,5,68085,5,0400000US05,AR,Arkansas,0,G4000,A,1.35E+11,3122251184,34.8955256,-92.4446262,6,33,state,119373.5119,119647.822,119888.4688,120082.3806,120372.0259,120780.0111,121205.1776,121597.1301,121935.7859,122020.0831,122074.039,122176.3067,122344.0563,122491.4617,122752.8304,123174.0744,123570.6769,123976.686,124461.8495,125143.8979,125859.2522,126703.1511,127343.1255,127980.4804,128672.8024,129345.6521,129703.2869,129885.4902,130060.5447,130399.5775,130565.3752,130897.6771,131295.1703,131885.522,132355.9098,132738.785,133046.248,133294.2536,133594.0342,133946.3809,134326.5089,134606.8561,134974.6015,135324.4224,135844.8697,136388.6951,137000.8931,137586.2767,138077.4859,138471.313,139087.7876,139586.8721,140080.8092,140127.5925,140359.2318,140526.1065,140843.0496,140875.2969,141116.7738,141490.3785,142081.7454,142781.2308,143544.9073,144353.8796,145057.0636,145836.6936,146409.5457,146826.414,146857.995,147116.8529,147560.4344,148271.3509,148722.8201,149285.7951,150073.6933,151211.7193,152160.107,152924.7928,153847.9582,155206.7902,157100.3719,158951.4713,160742.4086,162123.8404,163466.6823,164925.7597,166677.6711,168622.8417,170804.2713,173350.2074,175969.0354,178224.5174,179732.4693,181143.5542,182854.9108,184877.984,187151.0095,189268.6045,191202.3951,193120.8563,194767.8082,196406.7938,197288.9514,197701.1366,197513.9342,197324.0862,197040.3024,196665.6737,196099.972,195848.0101,196314.0153,197508.0844,199116.8055,200468.4568,201189.2641,201190.0929,201129.2457,201169.7409,201419.8888,201547.8131,201515.8553,201849.4896,202857.9926,204384.7707,205683.4859,206515.9262,206944.4767,207331.0522,207411.5501,207513.1125,207584.9704,208219.5206
3,6,28,1779790,28,0400000US28,MS,Mississippi,0,G4000,A,1.22E+11,3914738613,32.6864714,-89.6561377,34,34,state,108043.6078,108435.9253,108735.3034,109030.2616,109461.7822,110072.2891,110905.2174,111828.2809,112659.0847,113230.3182,113751.5257,114395.4984,115130.0546,115761.6858,116463.3276,117271.3157,118272.8823,119147.7908,120066.8978,121017.9285,122071.1504,122883.8353,123156.6612,123237.5111,123465.2051,123944.503,124143.9121,124212.8991,124317.2006,124704.823,125033.1909,125263.0196,125461.7023,125545.7842,125606.5819,125628.5413,125755.762,125989.7491,126206.1516,126397.9645,126335.0105,126235.4057,126224.2181,126472.0023,126850.2358,127260.5453,127499.4403,127586.9971,127748.8436,128122.3263,129044.3235,129774.2946,130206.8833,129993.0356,129668.5618,129432.0271,129569.3,129812.2092,130478.4967,131055.1675,131573.5082,131888.1147,132448.2119,133124.0316,133781.7912,134389.8266,134925.3971,135264.7686,135236.9622,135429.0794,135747.3014,136271.913,136426.2392,136706.1257,137361.9819,138270.2331,138993.2944,139255.417,139995.4595,141277.3718,143163.9495,144602.6117,145768.4599,146579.9357,147598.0408,148870.7441,150384.0004,152128.372,154042.6924,156154.3323,158298.8357,160173.2913,161494.8634,162914.4345,164938.7663,167104.5374,168850.3823,169718.8325,170453.06,171251.8561,172172.123,173672.281,174985.6292,175782.7877,175553.8007,174754.5746,173799.6762,172816.8972,171580.6719,170392.0706,169455.92,169796.3745,170920.4365,172082.5317,172777.4586,173010.4706,173111.6753,172945.5956,172318.5576,171875.5083,171574.5826,171888.0359,172881.1893,174241.9546,175281.7557,175527.2859,175147.8475,174609.3475,174159.4107,174396.5822,175202.0188,176389.4206
2,4,29,1779791,29,0400000US29,MO,Missouri,0,G4000,A,1.78E+11,2487519141,38.35075,-92.4567826,32,18,state,122569.7555,122567.9009,122659.896,122903.5189,123435.7473,124117.9181,124858.8808,125456.8443,125826.5935,125904.336,125994.321,126266.6353,126610.0736,126845.5161,127142.2148,127628.0184,128304.999,128930.4346,129620.807,130379.8349,131169.076,131932.681,132506.6787,133185.0543,133961.0433,134755.6776,135182.2129,135444.8593,135795.0298,136357.7911,136810.0171,137148.5635,137523.3384,138104.078,138888.0429,139726.179,140549.5951,141389.5986,142199.1137,142988.6456,143585.4548,144101.5535,144532.1714,144949.0727,145448.1403,146045.0644,146727.6391,147388.4002,148101.3035,148946.2221,150080.4813,151154.7157,152036.6507,152459.3524,152821.2231,153220.3567,153846.8185,154366.6069,154991.9237,155496.4806,156205.3633,157029.9435,158059.2431,158974.3865,159620.3226,160157.2675,160540.2789,160860.9097,160990.4497,161463.0816,162202.2398,163172.704,164143.1507,165214.3833,166415.744,167498.058,168218.1238,168612.5718,169345.1219,170736.0343,173092.9679,175762.8898,178616.9748,181058.1625,183168.0526,185363.9175,187981.2593,191099.1709,194394.0132,197575.2369,199880.9583,201061.487,201313.2553,201794.9555,202976.4589,204752.7216,207461.7152,210927.2639,215020.5924,218922.9013,222089.4936,224825.5754,226323.3514,226628.4529,225820.9678,225121.1072,224720.5789,224556.3381,224205.8086,224103.692,224607.1527,226063.9846,227903.9435,229740.9123,231163.8059,232417.3891,233342.5594,233913.4163,234095.1308,234111.1963,234272.7826,234916.8528,236024.3104,237362.8073,238301.943,238895.3867,239357.5001,239951.4396,240530.0932,241103.1862,241851.7054,242992.2998
4,8,30,767982,30,0400000US30,MT,Montana,0,G4000,A,3.77E+11,3867177570,47.051177,-109.6348174,35,44,state,193557.2207,194396.0586,195214.1292,195949.0925,196936.2782,197716.3437,198888.9817,199925.0354,201011.2066,201541.0345,202224.374,202993.225,203976.7449,204852.9786,205800.1088,207099.9564,208539.0249,210005.3999,211348.4114,212711.3198,214111.541,215522.2049,216851.1208,218119.3146,219335.8517,220441.0316,221112.2405,221537.602,221832.7687,222234.837,222568.2375,222745.4988,222895.0714,223143.1559,223886.9357,224991.6404,226088.72,227196.92,228238.256,229645.1057,230945.4236,232321.9846,233531.2812,234854.5554,235881.0381,236865.8345,237732.9006,238786.2882,239820.6835,240841.7756,242170.2559,243561.7653,245052.1378,246295.5009,247727.2804,249020.9962,250215.3955,251060.6268,251897.5671,252550.4657,253272.6884,254103.1858,255395.1942,256839.938,258125.0848,259251.9574,260371.0326,261838.3666,263072.3951,264209.8985,265384.1386,266736.2782,268531.1806,270590.1843,273238.739,275660.8849,277164.3614,277770.9512,278617.415,280759.6554,284639.601,289364.0936,295138.5611,301381.6052,307795.6621,314560.6581,322046.8349,330539.3287,340134.7615,349769.5351,358433.1145,365408.2429,370670.4373,375567.2827,380600.4448,386139.5412,393216.2265,400947.4613,410188.9783,419948.513,429052.1307,436166.7073,438571.3128,437190.6951,433040.2685,429483.2162,426647.2856,424158.3987,420305.8825,416572.754,414558.4706,416022.9559,419619.0112,423727.0501,427082.3643,429632.1503,431480.1234,432566.4302,432909.1513,432756.9718,433227.5615,435116.2222,437722.9929,440066.1203,440905.3128,440883.4256,440747.5928,441696.7169,443403.9866,445415.9244,446735.1275,448077.6573
2,4,20,481813,20,0400000US20,KS,Kansas,0,G4000,A,2.12E+11,1345707708,38.4985464,-98.3834298,23,35,state,115059.5442,114926.0138,114873.3083,114937.5937,115325.0231,115834.7953,116420.4046,116938.9833,117334.2782,117639.391,117929.3524,118436.1849,118930.4217,119410.6453,119790.0018,120301.9118,120817.6695,121282.6779,121751.1896,122379.3215,123077.843,123863.5023,124455.5795,125123.7519,125698.5021,126260.9077,126486.3349,126610.6601,126717.7495,126974.3536,127081.2158,127176.2195,127337.9778,127698.3529,128280.0941,128902.8415,129540.3501,130025.8985,130446.8736,130946.1695,131387.835,131699.6822,131983.0141,132292.3778,132714.3275,133127.364,133562.3129,134112.0897,134751.8589,135487.8661,136333.1665,137079.774,137785.5722,138234.7926,138780.7215,139231.8951,139785.4537,140142.8387,140637.1757,141061.5962,141547.2801,142117.545,142920.8784,143727.2237,144311.539,144800.3879,145248.8935,145819.5517,146300.4257,147003.215,147911.3152,148944.7836,149930.618,151026.2856,152289.2505,153517.7737,154223.7098,154659.6226,155445.6242,156767.1379,158688.8832,160450.4633,162209.9188,163643.0136,165024.1685,166515.0667,168401.3088,170637.7349,173210.2061,175844.2803,178089.0579,179589.7734,180345.34,180993.593,182013.7331,183348.6413,185566.4431,188188.9736,191275.4368,194151.635,196772.7249,199099.4766,200667.1157,201381.143,201346.1415,201480.0324,201861.6803,202368.5477,202561.9511,202549.4641,202881.8436,203881.8298,205426.5397,207082.9863,208466.6546,209693.6046,210646.6323,211246.9494,211386.2699,211149.7878,211022.8915,211524.8128,212956.3911,214774.6539,216428.2013,217698.6122,218777.0167,219902.8897,220855.1267,221805.6296,222731.7942,224004.7095
2,3,18,448508,18,0400000US18,IN,Indiana,0,G4000,A,92786613552,1543998356,39.9013136,-86.2919129,22,16,state,112550.1924,112765.1692,112998.3909,113416.4829,113998.9663,114629.147,115296.06,115844.7196,116264.7213,116376.0379,116446.9341,116602.4238,116839.0705,117086.3875,117354.8051,117762.4363,118264.7164,118827.0981,119333.3926,119883.4225,120326.5862,120756.0867,120983.5889,121374.0278,121836.2121,122462.4596,122848.0175,123308.6536,123812.1549,124478.2428,124989.1265,125462.5329,125995.6173,126661.0086,127342.5077,128015.5786,128535.8573,128897.8274,129247.7469,129833.3807,130583.1842,131336.7911,132069.1971,132806.6302,133550.9889,134273.8478,135142.5534,135952.3441,136699.0269,137352.1553,138281.2119,139262.8357,140263.6932,141054.924,141851.0919,142615.7674,143444.0181,144149.587,144942.5819,145647.2069,146537.9684,147460.706,148591.0803,149540.5,150244.2186,150800.6395,151393.0734,152090.1049,152719.9912,153431.1524,154316.7774,155345.5684,156491.5887,157624.1472,158854.9557,160038.9286,160896.4034,161408.614,161896.2069,162757.8663,164336.3252,166409.8346,169013.5564,171548.6438,173887.8793,176240.7294,178933.7352,181833.468,184836.3776,187846.3028,190461.0875,192159.073,192922.8635,193735.368,195081.5409,196796.2809,199404.252,202808.052,206731.8031,210401.038,213237.0643,215689.9924,216887.7142,217111.0229,216466.2911,215991.9461,215859.6267,215939.7797,215758.4985,215869.372,216364.2809,217739.1507,219401.2855,221246.824,222721.6966,223899.5967,224686.7545,225112.563,225229.9913,225201.239,225677.0566,226677.2566,228382.7271,230162.4771,231629.1886,232458.9691,232863.4494,233228.9658,233667.3724,234280.8315,235039.5573,236225.5113
2,4,46,1785534,46,0400000US46,SD,South Dakota,0,G4000,A,1.96E+11,3387709166,44.4467957,-100.2381762,52,46,state,158922.3205,158843.7271,158903.0731,158970.7938,159300.1434,159768.3641,160460.7209,161221.3173,161883.9797,162143.1746,162238.3355,162433.9331,163006.2834,163847.1977,164633.6798,165447.8155,166220.3251,167075.3116,167754.2335,168555.1446,169432.0672,170415.441,171080.1981,171839.6151,172600.9363,173445.5316,173883.632,174217.4272,174588.614,175116.606,175590.9076,176000.8858,176535.941,177135.5534,177777.0733,178392.2401,178961.3456,179555.6081,180189.7887,181071.8951,181978.3377,182771.4194,183359.4984,183815.6905,184413.8219,185170.8495,186166.9133,187033.2713,187738.2419,188275.1914,189087.4586,189902.6055,190803.1678,191307.0217,192069.4787,192713.3641,193442.4455,193799.5904,194358.3465,195072.7356,195996.0777,197058.5819,198249.5498,199384.3035,200265.2618,201000.2882,201598.661,202172.7778,202683.6082,203586.1783,204701.6557,205977.7259,206937.6532,207752.7869,208736.3346,209913.5199,210955.3674,211678.9261,212640.2608,214078.2716,216445.5894,218947.0895,221730.8214,224137.4208,226368.2907,228804.2319,231445.6373,234588.9358,238365.7668,242602.1201,246789.6782,249845.1307,251699.3225,253216.8732,255360.0747,258355.0951,262460.9412,267006.3031,272130.1166,277188.9411,281785.193,285544.6199,287582.5452,287995.294,287203.5218,286848.416,286809.1033,286910.9119,286537.1717,286030.4818,286442.6196,287590.7363,289084.9463,290143.3784,290482.7512,290646.731,290477.7881,290214.2009,290083.0275,289699.4149,289907.917,290841.3715,292840.5131,294771.5262,295910.4126,296193.9034,296139.4409,296373.3093,297134.2464,298232.5467,299134.6247,300108.5835
1,1,25,606926,25,0400000US25,MA,Massachusetts,0,G4000,A,20204345054,7130705555,42.1565196,-71.4895915,26,14,state,310282.2077,311834.7684,313212.6132,314659.6876,316317.7774,317590.8856,318493.2846,318860.7493,319442.3999,319736.0803,320492.8836,321590.5207,323351.001,325274.7508,327018.0151,328450.5292,329750.6788,330835.4479,332112.1686,333792.132,335958.757,338190.6689,340200.1239,342300.237,344532.0127,346555.6181,348027.4531,349558.3517,351260.1536,353053.5248,354369.7306,355279.8915,356520.1281,358346.8129,360827.7609,363316.4014,365562.1065,367488.9252,369598.347,372036.629,374524.2524,376774.2292,378713.1256,380313.5103,382162.8939,383890.5851,385769.3963,387432.4121,389289.2753,391311.0831,393749.4465,396188.0266,398755.456,400946.6796,403182.0826,405052.4504,406686.1477,407408.0123,407627.8271,407270.5995,407145.1249,407635.5019,408720.9936,410380.7634,411552.2416,412587.3315,412980.2901,413165.0286,413091.7514,413695.2836,415078.6452,416688.9274,418754.779,421097.355,424028.0332,426586.5085,428117.7209,428806.7349,429599.9432,432033.4568,436697.4962,442903.675,450123.3425,457348.4047,463882.3683,470344.937,476874.4788,484134.0865,491708.7363,498874.7856,503737.5582,505386.0437,504803.0824,504420.4579,505311.3828,507343.6318,512366.6571,520301.1158,530975.9849,540950.5996,549495.2797,555852.5399,558797.9146,557789.2157,553783.3532,550368.3137,548442.0346,547956.9909,547102.6017,546436.1934,546976.9291,550242.0965,555433.9469,561398.5828,567107.4348,572698.5378,577726.7432,581965.8349,585215.7655,587714.3912,589320.5069,591283.1274,594808.1325,599693.9711,604074.0644,606738.6111,608612.7333,610675.0891,612924.6209,614813.8879,616334.4166,618093.7499
3,5,51,1779803,51,0400000US51,VA,Virginia,0,G4000,A,1.02E+11,8528087616,37.5222512,-78.6681938,56,11,state,225988.5083,226260.2748,226731.668,227286.9609,228148.5785,228738.9034,229182.1342,229461.2565,229822.7933,230052.6277,230283.5976,230536.1179,230892.3862,231244.5015,231598.3522,231975.3081,232462.5958,232922.3047,233518.6717,234250.1138,235089.9107,235992.0881,236768.8274,237554.6829,238421.2533,239144.1323,239467.6093,239493.3176,239522.6002,239810.48,240090.201,240438.8356,240921.3552,241720.9219,242722.7116,243790.5686,244809.7053,245778.4349,246613.0937,247443.1099,248090.563,248703.279,249165.7958,249676.6677,250292.7155,251183.7004,252162.0131,253186.2167,254057.4013,254903.1649,255919.6275,256762.0678,257500.8666,257794.5432,258465.5597,259179.3698,260072.484,260611.7881,261160.1091,261698.576,262428.1451,263485.9451,264856.6968,266217.3693,267131.5767,267721.5537,268157.0859,268768.5645,269470.2156,270389.9608,271610.8209,273110.3712,274737.1578,276312.085,277782.4205,279015.2508,279671.4179,280089.8018,280856.7633,282712.541,285770.4336,289565.6208,293666.4359,297581.241,301162.9798,304719.2459,308331.1661,312201.8539,316319.1407,320377.5345,323439.1298,325055.8505,325407.2317,325868.1296,327179.6327,329501.5981,333247.7868,337560.7839,342462.6126,347189.2288,351537.7888,355206.3742,357033.1722,357168.0459,355983.5846,355171.2011,354936.2175,355058.6892,355071.6356,355328.5743,356175.3109,357964.9783,360511.4095,363450.3602,366075.0054,368287.3306,370093.8766,371419.317,372431.6862,373183.0741,373783.1854,374827.463,376875.2278,379650.2241,382145.189,383641.929,384543.0736,385455.5614,386564.7687,387962.4165,389181.7274,390526.4352
3,5,11,1702382,11,0400000US11,DC,District of Columbia,0,G4000,A,158316184,18709787,38.9042474,-77.0165167,12,49,state,435972.4266,438851.6686,441390.7371,444582.9255,447396.5571,450145.673,452993.0687,455556.722,458060.7085,460184.3064,462500.7593,465068.8492,466711.2657,467956.9729,468502.6509,469770.7444,471017.1198,473232.3838,476289.1769,479815.704,483798.1343,487740.3509,491590.9985,494536.7965,496386.4845,498011.9032,499113.9939,500123.5073,500792.0741,501571.5754,502307.8107,503244.4467,504129.8793,505899.1783,508990.3856,512902.3112,515752.0506,517454.972,518465.1954,520258.6429,521446.58,523173.6802,524822.7115,526274.6108,527538.8902,528303.5214,529536.0213,531600.2986,535585.0585,540320.7276,545195.5587,548391.5044,551244.6387,552623.1485,554062.641,554982.9942,556329.3022,557669.5375,559725.1835,561141.5067,562271.5416,562511.1287,564125.0808,566346.8966,567867.3756,567925.3727,567609.5293,567647.7004,567920.5443,568437.4552,569569.9738,571050.9168,573637.1178,577189.3089,581931.7058,586603.2486,589271.8256,589747.9739,589943.572,592025.2609,596299.4415,600700.6002,605332.6011,609137.8471,611864.4598,614170.1263,617430.8128,621774.8075,627033.618,632030.9192,634417.8322,633527.5125,630422.6579,628347.4949,627310.5773,626543.9323,627439.8254,631654.7769,639822.2126,647438.8352,652054.0551,652309.3041,648606.6673,642220.4579,634091.6564,628122.2077,623681.2553,620643.6431,617751.8864,615695.5949,613926.6205,612711.0466,611861.0283,612287.9061,613616.3192,615108.6629,615653.8186,614803.8131,612514.5295,609872.0832,607200.8891,606258.4925,606480.8183,607007.71,606184.3247,603131.4504,600110.9895,597414.4526,597251.929,597157.7574,596720.7041,596088.1463
2,4,19,1779785,19,0400000US19,IA,Iowa,0,G4000,A,1.45E+11,1086402333,42.0700243,-93.4933473,19,31,state,122703.1436,122719.7532,122956.5137,123441.0572,124128.973,124866.629,125551.4442,125980.6071,126034.3605,125570.064,125261.0714,125389.3798,125938.0865,126650.6112,127360.9544,128161.9858,128851.9798,129397.5333,129781.5353,130334.7183,130901.6247,131571.0106,132178.7156,133030.6751,133994.6993,134952.3657,135387.2082,135487.1098,135356.7959,135448.6663,135466.1826,135623.6724,135947.4195,136534.5311,137116.551,137557.2666,137950.9636,138339.9794,138668.7512,139012.1687,139408.2553,139830.1401,140263.3751,140612.9402,141011.0255,141504.5183,142018.9354,142419.4311,142764.4056,143280.9449,144006.2647,144626.9792,145189.6958,145670.0422,146401.1059,146913.3451,147443.1357,147698.0461,148137.2749,148545.6501,149192.1342,150105.0334,151181.3662,152065.4659,152738.1151,153307.9882,153746.3773,154064.1092,154324.6925,155007.8391,155779.7031,156553.4485,156844.6696,157131.6951,157468.5954,158001.6572,158548.1138,159016.2584,159691.5111,160622.7379,162262.7977,164040.9596,165762.4989,166948.8415,167846.4912,168873.1351,170149.2078,171796.4216,173689.8088,175735.7316,177564.0367,178705.2556,179265.5769,179841.9952,180785.9529,182003.6483,183831.1327,186033.5795,188721.1945,191372.0022,194038.5183,196410.9281,197866.9958,198289.6425,198111.5472,198191.3811,198471.9151,198576.5834,198122.6814,197660.8879,197778.7366,198782.5769,200250.6798,201758.2297,202895.3194,203694.0795,204122.7003,204429.8508,204608.9975,204701.4751,204743.4495,205160.6072,206317.7652,207933.2532,209440.8018,210288.452,210543.6383,210648.658,210736.4204,211139.5001,211850.8626,213191.1354
4,8,4,1779777,4,0400000US04,AZ,Arizona,0,G4000,A,2.94E+11,854003932,34.2039362,-111.6063449,8,13,state,184860.4004,186106.6321,187364.6236,188307.5145,189073.4472,189618.8345,190098.4726,190535.8779,191024.3568,191306.6065,191738.8319,192171.9932,192809.6376,193492.0916,194434.8275,195570.928,196930.5209,198284.6742,199712.1435,201177.6063,202822.6694,204509.9446,206221.6874,207829.6461,209803.9747,211662.4301,213113.5894,213987.9311,214735.4018,215589.0311,216494.6246,217353.0355,218491.92,219621.8315,220781.2663,221842.4692,223117.5259,224595.0519,226198.8367,227662.2102,228940.2891,230256.6173,231544.3204,232917.3253,234276.3445,235655.141,236877.1489,238093.6724,239501.0828,241117.1123,242784.975,244231.1113,245810.613,247432.5945,249421.5114,251269.6095,253021.2083,254448.973,255762.6095,256921.4975,258207.1312,259761.1836,261274.9261,262555.5156,263494.8318,264460.0888,265433.6364,266627.5938,268032.7731,269702.503,271653.0786,273691.8297,276157.6203,278854.8931,281915.4347,284683.2215,286605.8068,287925.8958,289476.2032,292176.9849,296438.0009,301481.217,307057.222,312501.6989,317864.3453,323435.1603,329952.0335,337577.3786,346678.2933,356683.1785,366650.4493,375414.5039,382699.3061,389170.7072,395334.0975,401120.8462,407139.9214,413986.2761,422442.8682,431943.0133,441364.3016,449243.0739,453229.3992,452356.8429,447187.9585,440772.6233,433814.1287,426975.1028,420142.3194,414799.6933,411641.9166,410559.8566,411139.3248,412870.7072,415261.893,417857.1689,420014.8437,421809.8704,423146.3388,423820.1918,424095.6389,424619.8769,425899.0922,427464.8288,428706.6021,428962.8926,428595.8226,427799.3417,427102.8131,426536.5923,426005.6134,425589.5703
